-- phpMyAdmin SQL Dump
-- version 4.7.4
-- https://www.phpmyadmin.net/
--
-- Host: 127.0.0.1
-- Generation Time: Feb 15, 2018 at 09:53 AM
-- Server version: 10.1.28-MariaDB
-- PHP Version: 7.1.11

SET SQL_MODE = "NO_AUTO_VALUE_ON_ZERO";
SET AUTOCOMMIT = 0;
START TRANSACTION;
SET time_zone = "+00:00";


/*!40101 SET @OLD_CHARACTER_SET_CLIENT=@@CHARACTER_SET_CLIENT */;
/*!40101 SET @OLD_CHARACTER_SET_RESULTS=@@CHARACTER_SET_RESULTS */;
/*!40101 SET @OLD_COLLATION_CONNECTION=@@COLLATION_CONNECTION */;
/*!40101 SET NAMES utf8mb4 */;

--
-- Database: `churches`
--

-- --------------------------------------------------------

--
-- Table structure for table `attendance`
--

CREATE TABLE `attendance` (
  `id` int(11) NOT NULL,
  `num` int(11) NOT NULL COMMENT 'headcounts',
  `branch` int(11) NOT NULL,
  `service` varchar(32) NOT NULL
) ENGINE=InnoDB DEFAULT CHARSET=latin1 COMMENT='Head counts';

-- --------------------------------------------------------

--
-- Table structure for table `branches`
--

CREATE TABLE `branches` (
  `id` int(11) NOT NULL,
  `name` varchar(30) NOT NULL,
  `repId` int(11) NOT NULL,
  `createdDate` date NOT NULL,
  `location` varchar(50) NOT NULL,
  `web` varchar(50) NOT NULL,
  `mail` varchar(50) NOT NULL,
  `phone` varchar(50) NOT NULL,
  `bank` int(11) NOT NULL,
  `daf` int(11) NOT NULL,
  `profile_picture` varchar(1024) NOT NULL,
  `church` int(11) NOT NULL
) ENGINE=InnoDB DEFAULT CHARSET=latin1;

--
-- Dumping data for table `branches`
--

INSERT INTO `branches` (`id`, `name`, `repId`, `createdDate`, `location`, `web`, `mail`, `phone`, `bank`, `daf`, `profile_picture`, `church`) VALUES
(1, 'Galileo worship', 2, '2017-06-29', 'kimihurura', 'http://www.kimihurura.com', 'kimihurura@uplus.com', '0723964544', 10252027, 0, 'gallery/branches/default.jpg', 1),
(2, 'Kimironko', 2, '2017-06-24', 'Kimironko', 'http://www.kimironko.com', 'kimironko@uplus.com', '0723964587', 10252027, 0, 'gallery/branches/default.jpg', 1),
(3, 'Muhima', 2, '2017-06-24', 'Muhima', 'http://www.muhima.com', 'muhima@upluschurches.com', '0723964587', 10252027, 0, 'gallery/branches/default.jpg', 1),
(15, 'asa', 1512, '0000-00-00', 'asasasa', '', '', '', 0, 0, 'gallery/branches/asa_1518537248.jpg', 1);

-- --------------------------------------------------------

--
-- Table structure for table `branch_leaders`
--

CREATE TABLE `branch_leaders` (
  `id` int(11) NOT NULL,
  `branch` int(11) NOT NULL,
  `user` int(11) NOT NULL,
  `position` varchar(64) NOT NULL
) ENGINE=InnoDB DEFAULT CHARSET=latin1;

--
-- Dumping data for table `branch_leaders`
--

INSERT INTO `branch_leaders` (`id`, `branch`, `user`, `position`) VALUES
(1, 1, 2, 'representative');

-- --------------------------------------------------------

--
-- Table structure for table `church`
--

CREATE TABLE `church` (
  `id` int(11) NOT NULL,
  `name` varchar(128) NOT NULL
) ENGINE=InnoDB DEFAULT CHARSET=latin1;

--
-- Dumping data for table `church`
--

INSERT INTO `church` (`id`, `name`) VALUES
(1, 'Christian Life Assembly');

-- --------------------------------------------------------

--
-- Table structure for table `church_service`
--

CREATE TABLE `church_service` (
  `id` int(11) NOT NULL,
  `name` varchar(32) NOT NULL,
  `branchid` int(11) NOT NULL COMMENT 'the branch where service happens',
  `time_start` time NOT NULL,
  `time_end` time NOT NULL,
  `date_started` date DEFAULT NULL COMMENT 'when service was set up',
  `date_ended` date DEFAULT NULL COMMENT 'when service was stoppped',
  `date_entered` timestamp NOT NULL DEFAULT CURRENT_TIMESTAMP COMMENT 'when service was recorded'
) ENGINE=InnoDB DEFAULT CHARSET=latin1;

--
-- Dumping data for table `church_service`
--

INSERT INTO `church_service` (`id`, `name`, `branchid`, `time_start`, `time_end`, `date_started`, `date_ended`, `date_entered`) VALUES
(1, 'Sunday service', 1, '09:00:00', '11:00:00', NULL, NULL, '2018-02-14 10:24:53'),
(2, 'Youth service', 1, '06:00:00', '07:00:00', NULL, NULL, '2018-02-14 10:24:53'),
(3, 'Evening service', 1, '07:00:00', '08:00:00', NULL, NULL, '2018-02-14 10:24:53');

-- --------------------------------------------------------

--
-- Table structure for table `donations`
--

CREATE TABLE `donations` (
  `id` int(11) NOT NULL,
  `member` int(11) NOT NULL,
  `church` int(11) DEFAULT NULL,
  `service` int(11) DEFAULT NULL,
  `amount` int(11) NOT NULL,
  `account` varchar(128) NOT NULL,
  `source` varchar(64) NOT NULL,
  `date` timestamp NOT NULL DEFAULT CURRENT_TIMESTAMP ON UPDATE CURRENT_TIMESTAMP
) ENGINE=InnoDB DEFAULT CHARSET=latin1;

--
-- Dumping data for table `donations`
--

INSERT INTO `donations` (`id`, `member`, `church`, `service`, `amount`, `account`, `source`, `date`) VALUES
(1, 2, NULL, 2, 100000, '', 'mtn', '2018-02-11 09:02:13'),
(3, 2, NULL, 1, 10000, '102121', 'master_card', '2018-02-13 15:47:17');

-- --------------------------------------------------------

--
-- Table structure for table `event`
--

CREATE TABLE `event` (
  `eventId` bigint(255) NOT NULL,
  `eventName` varchar(50) NOT NULL,
  `eventDate` date NOT NULL,
  `eventTime` time NOT NULL,
  `eventLocation` varchar(50) NOT NULL,
  `church` int(11) NOT NULL COMMENT 'Where the event is mainly prepared',
  `picture` varchar(50) NOT NULL,
  `eventVip` varchar(20) NOT NULL,
  `eventV_Vip` varchar(20) NOT NULL,
  `eventOthers` varchar(20) NOT NULL,
  `eventStatus` enum('Unreached','Reached') NOT NULL
) ENGINE=InnoDB DEFAULT CHARSET=latin1;

--
-- Dumping data for table `event`
--

INSERT INTO `event` (`eventId`, `eventName`, `eventDate`, `eventTime`, `eventLocation`, `church`, `picture`, `eventVip`, `eventV_Vip`, `eventOthers`, `eventStatus`) VALUES
(1, 'sacrificee', '2017-06-30', '12:00:00', 'Muhima', 1, 'gallery/event/cantata.jpg', '10000', '5000', '2000', 'Unreached'),
(2, 'Fundlaising', '2017-07-28', '01:30:00', 'Stadium Amahoro', 1, 'gallery/event/cantata.jpg', '0', '0', '0', 'Unreached'),
(3, 'Sacrifice', '2017-07-22', '01:00:00', 'Stadium Amahoro', 1, 'gallery/event/cantata.jpg', '5000', '2000', '1000', 'Unreached');

-- --------------------------------------------------------

--
-- Table structure for table `groups`
--

CREATE TABLE `groups` (
  `id` int(11) NOT NULL,
  `name` varchar(1024) NOT NULL,
  `representative` int(11) NOT NULL,
  `branchid` int(11) NOT NULL,
  `type` varchar(32) NOT NULL DEFAULT 'cell',
  `location` varchar(256) NOT NULL,
  `maplocation` varchar(1024) NOT NULL,
  `profile_picture` varchar(1024) NOT NULL
) ENGINE=InnoDB DEFAULT CHARSET=latin1;

--
-- Dumping data for table `groups`
--

INSERT INTO `groups` (`id`, `name`, `representative`, `branchid`, `type`, `location`, `maplocation`, `profile_picture`) VALUES
(1, 'Group test', 2, 1, 'cell', '', '-1.9912405,30.096438000000035', 'gallery/groups/group.png'),
(2, 'Igurupe', 2, 1, 'cell', '', '-1.9912405,30.096438000000035', 'gallery/groups/group.png'),
(3, '12', 2, 1, 'prayer', '121', '-1.9912405,30.096438000000035', 'gallery/groups/12_1517685843.png'),
(4, 'asasa', 1518, 1, 'prayer', 'asasa', '-1.9912405,30.096438000000035', 'gallery/groups/asasa_1517697196.png'),
(5, 'r', 1512, 1, 'cell', 'e', '-1.9912405,30.096438000000035', 'gallery/groups/r_1517697223.png'),
(6, 'sdsds', 2, 1, 'prayer', 'aaaaaaaaaaaaaaaaaaaaaaaaaaaaaaaaaaaaa', '-1.9912405,30.096438000000035', 'gallery/groups/sdsds_1517698683.png'),
(7, 'Kagarama', 1512, 1, 'prayer', 'Kimironko', '-1.9912405,30.096438000000035', 'gallery/groups/Kagarama_1517708170.png'),
(8, 'dsdf', 2, 1, 'prayer', 'dfd', '-1.9912405,30.096438000000035', 'gallery/groups/dsdf_1517708311.png'),
(9, 'dsdf', 2, 1, 'prayer', 'dfd', '-1.9912405,30.096438000000035', 'gallery/groups/dsdf_1517708311.png'),
(10, 'cc', 1512, 1, 'prayer', '3232', '-1.9912405,30.096438000000035', 'gallery/groups/cc_1517708362.png'),
(11, 'fdgd', 1512, 1, 'prayer', 'fgdf', '-1.9912405,30.096438000000035', 'gallery/groups/fdgd_1517709219.png'),
(12, 'K', 1519, 1, 'cell', 'there', '-1.9912405,30.096438000000035', 'gallery/groups/K_1517709529.png'),
(13, 'Test groups', 2, 1, 'prayer', 'Kamana', '-1.9912405,30.096438000000035', 'gallery/groups/Test groups_1517736074.png'),
(14, 'Test groups', 2, 1, 'prayer', 'Kamana', '-1.9912405,30.096438000000035', 'gallery/groups/Test groups_1517736088.png'),
(15, 'Test groups', 2, 1, 'prayer', 'Kamana', '-1.9912405,30.096438000000035', 'gallery/groups/Test groups_1517736089.png'),
(16, 'ok', 2, 1, 'prayer', 'jaj', '-1.9912405,30.096438000000035', 'gallery/groups/ok_1517736260.png'),
(17, 'sds', 1518, 1, 'cell', 'sds', '-1.9912405,30.096438000000035', 'gallery/groups/sds_1517738703.png'),
(18, 'ere', 1512, 1, 'prayer', 'ere', '-1.9912405,30.096438000000035', 'gallery/groups/ere_1517738770.png'),
(19, 'asa', 1512, 1, 'cell', 'asa', '-1.9912405,30.096438000000035', 'gallery/groups/asa_1517738799.png');

-- --------------------------------------------------------

--
-- Table structure for table `group_members`
--

CREATE TABLE `group_members` (
  `id` int(11) NOT NULL,
  `groupid` int(11) NOT NULL,
  `member` int(11) NOT NULL,
  `join_date` timestamp NOT NULL DEFAULT CURRENT_TIMESTAMP ON UPDATE CURRENT_TIMESTAMP
) ENGINE=InnoDB DEFAULT CHARSET=latin1 COMMENT='Table will relate groups and church branches they operate in';

--
-- Dumping data for table `group_members`
--

INSERT INTO `group_members` (`id`, `groupid`, `member`, `join_date`) VALUES
(1, 3, 2, '2018-02-07 06:50:50'),
(2, 3, 1291, '2018-02-07 06:51:32'),
(3, 3, 1292, '2018-02-07 06:51:32'),
(4, 3, 1293, '2018-02-07 08:01:55'),
(5, 3, 1294, '2018-02-07 08:02:39'),
(6, 3, 1295, '2018-02-07 08:03:04'),
(7, 3, 1296, '2018-02-07 08:03:04'),
(8, 3, 1297, '2018-02-07 08:14:16'),
(9, 3, 1299, '2018-02-07 08:14:22'),
(10, 3, 1304, '2018-02-07 08:18:09'),
(11, 3, 1298, '2018-02-07 08:19:07'),
(12, 3, 1300, '2018-02-07 08:19:10'),
(13, 3, 1301, '2018-02-07 08:19:11'),
(14, 3, 1302, '2018-02-07 08:19:11'),
(15, 3, 1303, '2018-02-07 08:19:11'),
(16, 3, 1305, '2018-02-07 08:19:11'),
(17, 3, 1306, '2018-02-07 08:19:11'),
(18, 3, 1307, '2018-02-07 08:19:11'),
(19, 3, 1308, '2018-02-07 08:19:11'),
(20, 3, 1309, '2018-02-07 08:19:11'),
(21, 3, 1310, '2018-02-07 08:19:11'),
(22, 3, 1311, '2018-02-07 08:19:11'),
(23, 3, 1312, '2018-02-07 08:19:11'),
(24, 3, 1313, '2018-02-07 08:19:11'),
(25, 3, 1314, '2018-02-07 08:19:11'),
(26, 3, 1315, '2018-02-07 08:19:11'),
(27, 3, 1316, '2018-02-07 08:19:11'),
(28, 3, 1317, '2018-02-07 08:19:11'),
(29, 3, 1318, '2018-02-07 08:19:11'),
(30, 3, 1319, '2018-02-07 08:19:11'),
(31, 3, 1320, '2018-02-07 08:19:11'),
(32, 3, 1321, '2018-02-07 08:19:11'),
(33, 3, 1322, '2018-02-07 08:19:11'),
(34, 3, 1323, '2018-02-07 08:19:11'),
(35, 3, 1324, '2018-02-07 08:19:11'),
(36, 3, 1325, '2018-02-07 08:19:11'),
(37, 3, 1326, '2018-02-07 08:19:11'),
(38, 3, 1327, '2018-02-07 08:19:11'),
(39, 3, 1328, '2018-02-07 08:19:12'),
(40, 3, 1329, '2018-02-07 08:19:12'),
(41, 3, 1330, '2018-02-07 08:19:12'),
(42, 3, 1331, '2018-02-07 08:19:12'),
(43, 3, 1332, '2018-02-07 08:19:12'),
(44, 3, 1333, '2018-02-07 08:19:12'),
(45, 3, 1334, '2018-02-07 08:19:12'),
(46, 3, 1335, '2018-02-07 08:19:12'),
(47, 3, 1336, '2018-02-07 08:19:12'),
(48, 3, 1337, '2018-02-07 08:19:12'),
(49, 3, 1338, '2018-02-07 08:19:12'),
(50, 3, 1339, '2018-02-07 08:19:12'),
(51, 3, 1340, '2018-02-07 08:19:12'),
(52, 3, 1341, '2018-02-07 08:19:12'),
(53, 3, 1342, '2018-02-07 08:19:12'),
(54, 3, 1343, '2018-02-07 08:19:12'),
(55, 3, 1344, '2018-02-07 08:19:12'),
(56, 3, 1345, '2018-02-07 08:19:12'),
(57, 3, 1346, '2018-02-07 08:19:12'),
(58, 3, 1347, '2018-02-07 08:19:13'),
(59, 3, 1348, '2018-02-07 08:19:13'),
(60, 3, 1349, '2018-02-07 08:19:13'),
(61, 3, 1350, '2018-02-07 08:19:13'),
(62, 3, 1351, '2018-02-07 08:19:13'),
(63, 3, 1352, '2018-02-07 08:19:13'),
(64, 3, 1353, '2018-02-07 08:19:13'),
(65, 3, 1354, '2018-02-07 08:19:13'),
(66, 3, 1355, '2018-02-07 08:19:13'),
(67, 3, 1356, '2018-02-07 08:19:13'),
(68, 3, 1357, '2018-02-07 08:19:13'),
(69, 3, 1358, '2018-02-07 08:19:13'),
(70, 3, 1359, '2018-02-07 08:19:13'),
(71, 3, 1360, '2018-02-07 08:19:13'),
(72, 3, 1361, '2018-02-07 08:19:13'),
(73, 3, 1362, '2018-02-07 08:19:13'),
(74, 3, 1363, '2018-02-07 08:19:13'),
(75, 3, 1364, '2018-02-07 08:19:13'),
(76, 3, 1365, '2018-02-07 08:19:13'),
(77, 3, 1366, '2018-02-07 08:19:13'),
(78, 3, 1367, '2018-02-07 08:19:13'),
(79, 3, 1368, '2018-02-07 08:19:13'),
(80, 3, 1369, '2018-02-07 08:19:13'),
(81, 3, 1370, '2018-02-07 08:19:13'),
(82, 3, 1371, '2018-02-07 08:19:13'),
(83, 3, 1372, '2018-02-07 08:19:13'),
(84, 3, 1373, '2018-02-07 08:19:13'),
(85, 3, 1374, '2018-02-07 08:19:14'),
(86, 3, 1375, '2018-02-07 08:19:14'),
(87, 3, 1376, '2018-02-07 08:19:14'),
(88, 3, 1377, '2018-02-07 08:19:14'),
(89, 3, 1378, '2018-02-07 08:19:14'),
(90, 3, 1379, '2018-02-07 08:19:14'),
(91, 3, 1380, '2018-02-07 08:19:14'),
(92, 3, 1381, '2018-02-07 08:19:14'),
(93, 3, 1382, '2018-02-07 08:19:14'),
(94, 3, 1383, '2018-02-07 08:19:14'),
(95, 3, 1384, '2018-02-07 08:19:14'),
(96, 3, 1385, '2018-02-07 08:19:14'),
(97, 3, 1386, '2018-02-07 08:19:14'),
(98, 3, 1387, '2018-02-07 08:19:14'),
(99, 3, 1388, '2018-02-07 08:19:14'),
(100, 3, 1389, '2018-02-07 08:19:14'),
(101, 3, 1390, '2018-02-07 08:19:14'),
(102, 3, 1391, '2018-02-07 08:19:14'),
(103, 3, 1392, '2018-02-07 08:19:14'),
(104, 3, 1393, '2018-02-07 08:19:14'),
(105, 3, 1394, '2018-02-07 08:19:14'),
(106, 3, 1395, '2018-02-07 08:19:14'),
(107, 3, 1396, '2018-02-07 08:19:14'),
(108, 3, 1397, '2018-02-07 08:19:14'),
(109, 3, 1398, '2018-02-07 08:19:14'),
(110, 3, 1399, '2018-02-07 08:19:14'),
(111, 3, 1400, '2018-02-07 08:19:14'),
(112, 3, 1401, '2018-02-07 08:19:14'),
(113, 3, 1402, '2018-02-07 08:19:14'),
(114, 3, 1403, '2018-02-07 08:19:14'),
(115, 3, 1404, '2018-02-07 08:19:15'),
(116, 3, 1405, '2018-02-07 08:19:15'),
(117, 3, 1406, '2018-02-07 08:19:15'),
(118, 3, 1407, '2018-02-07 08:19:15'),
(119, 3, 1408, '2018-02-07 08:19:15'),
(120, 3, 1409, '2018-02-07 08:19:15'),
(121, 3, 1410, '2018-02-07 08:19:15'),
(122, 3, 1411, '2018-02-07 08:19:15'),
(123, 3, 1412, '2018-02-07 08:19:15'),
(124, 3, 1413, '2018-02-07 08:19:15'),
(125, 3, 1414, '2018-02-07 08:19:15'),
(126, 3, 1415, '2018-02-07 08:19:15'),
(127, 3, 1416, '2018-02-07 08:19:15'),
(128, 3, 1417, '2018-02-07 08:19:15'),
(129, 3, 1418, '2018-02-07 08:19:15'),
(130, 3, 1419, '2018-02-07 08:19:15'),
(131, 3, 1420, '2018-02-07 08:19:15'),
(132, 3, 1421, '2018-02-07 08:19:15'),
(133, 3, 1422, '2018-02-07 08:19:15'),
(134, 3, 1423, '2018-02-07 08:19:15'),
(135, 3, 1424, '2018-02-07 08:19:15'),
(136, 3, 1425, '2018-02-07 08:19:15'),
(137, 3, 1426, '2018-02-07 08:19:15'),
(138, 3, 1427, '2018-02-07 08:19:15'),
(139, 3, 1428, '2018-02-07 08:19:15'),
(140, 3, 1429, '2018-02-07 08:19:15'),
(141, 3, 1430, '2018-02-07 08:19:15'),
(142, 3, 1431, '2018-02-07 08:19:15'),
(143, 3, 1432, '2018-02-07 08:19:16'),
(144, 3, 1433, '2018-02-07 08:19:16'),
(145, 3, 1434, '2018-02-07 08:19:16'),
(146, 3, 1435, '2018-02-07 08:19:16'),
(147, 3, 1436, '2018-02-07 08:19:16'),
(148, 3, 1437, '2018-02-07 08:19:16'),
(149, 3, 1438, '2018-02-07 08:19:16'),
(150, 3, 1439, '2018-02-07 08:19:16'),
(151, 3, 1440, '2018-02-07 08:19:16'),
(152, 3, 1441, '2018-02-07 08:19:16'),
(153, 3, 1442, '2018-02-07 08:19:16'),
(154, 3, 1443, '2018-02-07 08:19:16'),
(155, 3, 1444, '2018-02-07 08:19:16'),
(156, 3, 1445, '2018-02-07 08:19:16'),
(157, 3, 1446, '2018-02-07 08:19:16'),
(158, 3, 1447, '2018-02-07 08:19:16'),
(159, 3, 1448, '2018-02-07 08:19:16'),
(160, 3, 1449, '2018-02-07 08:19:16'),
(161, 3, 1450, '2018-02-07 08:19:16'),
(162, 3, 1451, '2018-02-07 08:19:16'),
(163, 3, 1452, '2018-02-07 08:19:16'),
(164, 3, 1453, '2018-02-07 08:19:16'),
(165, 3, 1454, '2018-02-07 08:19:16'),
(166, 3, 1455, '2018-02-07 08:19:16'),
(167, 3, 1456, '2018-02-07 08:19:17'),
(168, 3, 1457, '2018-02-07 08:19:17'),
(169, 3, 1458, '2018-02-07 08:19:17'),
(170, 3, 1459, '2018-02-07 08:19:17'),
(171, 3, 1460, '2018-02-07 08:19:17'),
(172, 3, 1461, '2018-02-07 08:19:17'),
(173, 3, 1462, '2018-02-07 08:19:17'),
(174, 3, 1463, '2018-02-07 08:19:17'),
(175, 3, 1464, '2018-02-07 08:19:17'),
(176, 3, 1465, '2018-02-07 08:19:17'),
(177, 3, 1466, '2018-02-07 08:19:17'),
(178, 3, 1467, '2018-02-07 08:19:17'),
(179, 3, 1468, '2018-02-07 08:19:17'),
(180, 3, 1469, '2018-02-07 08:19:17'),
(181, 3, 1470, '2018-02-07 08:19:17'),
(182, 3, 1471, '2018-02-07 08:19:17'),
(183, 3, 1472, '2018-02-07 08:19:17'),
(184, 3, 1473, '2018-02-07 08:19:17'),
(185, 3, 1474, '2018-02-07 08:19:17'),
(186, 3, 1475, '2018-02-07 08:19:17'),
(187, 3, 1476, '2018-02-07 08:19:17'),
(188, 3, 1477, '2018-02-07 08:19:17'),
(189, 3, 1478, '2018-02-07 08:19:17'),
(190, 3, 1479, '2018-02-07 08:19:17'),
(191, 3, 1480, '2018-02-07 08:19:17'),
(192, 3, 1481, '2018-02-07 08:19:17'),
(193, 3, 1482, '2018-02-07 08:19:18'),
(194, 3, 1483, '2018-02-07 08:19:18'),
(195, 3, 1484, '2018-02-07 08:19:18'),
(196, 3, 1485, '2018-02-07 08:19:18'),
(197, 3, 1486, '2018-02-07 08:19:18'),
(198, 3, 1487, '2018-02-07 08:19:18'),
(199, 3, 1488, '2018-02-07 08:19:18'),
(200, 3, 1489, '2018-02-07 08:19:18'),
(201, 3, 1490, '2018-02-07 08:19:18'),
(202, 3, 1491, '2018-02-07 08:19:18'),
(203, 3, 1492, '2018-02-07 08:19:18'),
(204, 3, 1493, '2018-02-07 08:19:18'),
(205, 3, 1494, '2018-02-07 08:19:18'),
(206, 3, 1495, '2018-02-07 08:19:18'),
(207, 3, 1496, '2018-02-07 08:19:18'),
(208, 3, 1497, '2018-02-07 08:19:18'),
(209, 3, 1498, '2018-02-07 08:19:18'),
(210, 3, 1499, '2018-02-07 08:19:18'),
(211, 3, 1500, '2018-02-07 08:19:19'),
(212, 3, 1501, '2018-02-07 08:19:19'),
(213, 3, 1502, '2018-02-07 08:19:19'),
(214, 3, 1503, '2018-02-07 08:19:19'),
(215, 3, 1504, '2018-02-07 08:19:19'),
(216, 3, 1505, '2018-02-07 08:19:19'),
(217, 3, 1506, '2018-02-07 08:19:19'),
(218, 3, 1507, '2018-02-07 08:19:19'),
(219, 3, 1508, '2018-02-07 08:19:19'),
(220, 3, 1509, '2018-02-07 08:19:19'),
(221, 3, 1510, '2018-02-07 08:19:19'),
(222, 3, 1511, '2018-02-07 08:19:19'),
(223, 3, 1512, '2018-02-07 08:19:19'),
(224, 3, 1513, '2018-02-07 08:19:19'),
(225, 3, 1514, '2018-02-07 08:19:19'),
(226, 3, 1515, '2018-02-07 08:19:19'),
(227, 3, 1516, '2018-02-07 08:19:19'),
(228, 3, 1517, '2018-02-07 08:19:19'),
(229, 3, 1518, '2018-02-07 08:19:19'),
(230, 3, 1519, '2018-02-07 08:19:19'),
(231, 3, 1520, '2018-02-07 08:19:19'),
(232, 3, 1521, '2018-02-07 08:19:20'),
(233, 3, 1522, '2018-02-07 08:19:20'),
(234, 3, 1523, '2018-02-07 08:19:20'),
(235, 3, 1524, '2018-02-07 08:19:20'),
(236, 1, 2, '2018-02-07 16:07:34'),
(250, 4, 2, '2018-02-11 12:06:10'),
(251, 2, 2, '2018-02-11 17:04:05'),
(252, 2, 1296, '2018-02-11 17:04:05'),
(253, 2, 1300, '2018-02-11 17:04:05'),
(254, 2, 1301, '2018-02-11 17:04:05'),
(255, 2, 1303, '2018-02-11 17:04:05'),
(256, 2, 1304, '2018-02-11 17:04:05'),
(257, 2, 1305, '2018-02-11 17:04:05'),
(258, 2, 1306, '2018-02-11 17:04:05'),
(259, 2, 1307, '2018-02-11 17:04:05'),
(260, 2, 1312, '2018-02-11 17:04:05'),
(261, 2, 1313, '2018-02-11 17:04:05'),
(262, 2, 1314, '2018-02-11 17:04:05'),
(263, 2, 1315, '2018-02-11 17:04:05'),
(264, 2, 1316, '2018-02-11 17:04:05'),
(265, 2, 1317, '2018-02-11 17:04:05'),
(266, 2, 1318, '2018-02-11 17:04:05'),
(267, 2, 1319, '2018-02-11 17:04:05'),
(268, 2, 1320, '2018-02-11 17:04:05'),
(269, 2, 1321, '2018-02-11 17:04:06'),
(270, 2, 1322, '2018-02-11 17:04:06'),
(271, 2, 1323, '2018-02-11 17:04:06'),
(272, 2, 1324, '2018-02-11 17:04:06'),
(273, 2, 1325, '2018-02-11 17:04:06'),
(274, 2, 1326, '2018-02-11 17:04:06'),
(275, 2, 1327, '2018-02-11 17:04:06'),
(276, 2, 1328, '2018-02-11 17:04:06'),
(277, 2, 1329, '2018-02-11 17:04:06'),
(278, 2, 1330, '2018-02-11 17:04:06'),
(279, 2, 1331, '2018-02-11 17:04:06'),
(280, 2, 1332, '2018-02-11 17:04:06'),
(281, 2, 1333, '2018-02-11 17:04:06'),
(282, 2, 1334, '2018-02-11 17:04:06'),
(283, 2, 1335, '2018-02-11 17:04:06'),
(284, 2, 1336, '2018-02-11 17:04:06'),
(285, 2, 1337, '2018-02-11 17:04:06'),
(286, 2, 1338, '2018-02-11 17:04:06'),
(287, 2, 1339, '2018-02-11 17:04:06'),
(288, 2, 1340, '2018-02-11 17:04:06'),
(289, 2, 1341, '2018-02-11 17:04:06'),
(290, 2, 1342, '2018-02-11 17:04:06'),
(291, 2, 1343, '2018-02-11 17:04:06'),
(292, 2, 1344, '2018-02-11 17:04:06'),
(293, 2, 1345, '2018-02-11 17:04:06'),
(294, 2, 1346, '2018-02-11 17:04:06'),
(295, 2, 1347, '2018-02-11 17:04:06'),
(296, 2, 1348, '2018-02-11 17:04:06'),
(297, 2, 1349, '2018-02-11 17:04:06'),
(298, 2, 1350, '2018-02-11 17:04:07'),
(299, 2, 1351, '2018-02-11 17:04:07'),
(300, 2, 1352, '2018-02-11 17:04:07'),
(301, 2, 1353, '2018-02-11 17:04:07'),
(302, 2, 1354, '2018-02-11 17:04:07'),
(303, 2, 1355, '2018-02-11 17:04:07'),
(304, 2, 1356, '2018-02-11 17:04:07'),
(305, 2, 1357, '2018-02-11 17:04:07'),
(306, 2, 1358, '2018-02-11 17:04:07'),
(307, 2, 1359, '2018-02-11 17:04:07'),
(308, 2, 1360, '2018-02-11 17:04:07'),
(309, 2, 1361, '2018-02-11 17:04:07'),
(310, 2, 1362, '2018-02-11 17:04:07'),
(311, 2, 1363, '2018-02-11 17:04:07'),
(312, 2, 1364, '2018-02-11 17:04:07'),
(313, 2, 1365, '2018-02-11 17:04:07'),
(314, 2, 1366, '2018-02-11 17:04:07'),
(315, 2, 1367, '2018-02-11 17:04:07'),
(316, 2, 1368, '2018-02-11 17:04:07'),
(317, 2, 1369, '2018-02-11 17:04:07'),
(318, 2, 1370, '2018-02-11 17:04:07'),
(319, 2, 1371, '2018-02-11 17:04:07'),
(320, 2, 1372, '2018-02-11 17:04:07'),
(321, 2, 1373, '2018-02-11 17:04:07'),
(322, 2, 1374, '2018-02-11 17:04:07'),
(323, 2, 1375, '2018-02-11 17:04:07'),
(324, 2, 1376, '2018-02-11 17:04:07'),
(325, 2, 1377, '2018-02-11 17:04:07'),
(326, 2, 1378, '2018-02-11 17:04:07'),
(327, 2, 1379, '2018-02-11 17:04:08'),
(328, 2, 1380, '2018-02-11 17:04:08'),
(329, 2, 1381, '2018-02-11 17:04:08'),
(330, 2, 1382, '2018-02-11 17:04:08'),
(331, 2, 1383, '2018-02-11 17:04:08'),
(332, 2, 1384, '2018-02-11 17:04:08'),
(333, 2, 1385, '2018-02-11 17:04:08'),
(334, 2, 1386, '2018-02-11 17:04:08'),
(335, 2, 1387, '2018-02-11 17:04:08'),
(336, 2, 1388, '2018-02-11 17:04:08'),
(337, 2, 1389, '2018-02-11 17:04:08'),
(338, 2, 1390, '2018-02-11 17:04:08'),
(339, 2, 1391, '2018-02-11 17:04:08'),
(340, 2, 1392, '2018-02-11 17:04:08'),
(341, 2, 1393, '2018-02-11 17:04:08'),
(342, 2, 1394, '2018-02-11 17:04:08'),
(343, 2, 1395, '2018-02-11 17:04:08'),
(344, 2, 1396, '2018-02-11 17:04:08'),
(345, 2, 1397, '2018-02-11 17:04:08'),
(346, 2, 1398, '2018-02-11 17:04:08'),
(347, 2, 1399, '2018-02-11 17:04:08'),
(348, 2, 1400, '2018-02-11 17:04:08'),
(349, 2, 1401, '2018-02-11 17:04:08'),
(350, 2, 1402, '2018-02-11 17:04:08'),
(351, 2, 1403, '2018-02-11 17:04:08'),
(352, 2, 1404, '2018-02-11 17:04:08'),
(353, 2, 1405, '2018-02-11 17:04:09'),
(354, 2, 1406, '2018-02-11 17:04:09'),
(355, 2, 1407, '2018-02-11 17:04:09'),
(356, 2, 1408, '2018-02-11 17:04:09'),
(357, 2, 1409, '2018-02-11 17:04:09'),
(358, 2, 1410, '2018-02-11 17:04:09'),
(359, 2, 1411, '2018-02-11 17:04:09'),
(360, 2, 1412, '2018-02-11 17:04:09'),
(361, 2, 1413, '2018-02-11 17:04:09'),
(362, 2, 1414, '2018-02-11 17:04:09'),
(363, 2, 1415, '2018-02-11 17:04:09'),
(364, 2, 1416, '2018-02-11 17:04:09'),
(365, 2, 1417, '2018-02-11 17:04:09'),
(366, 2, 1418, '2018-02-11 17:04:09'),
(367, 2, 1419, '2018-02-11 17:04:09'),
(368, 2, 1420, '2018-02-11 17:04:09'),
(369, 2, 1421, '2018-02-11 17:04:09'),
(370, 2, 1422, '2018-02-11 17:04:09'),
(371, 2, 1423, '2018-02-11 17:04:09'),
(372, 2, 1424, '2018-02-11 17:04:09'),
(373, 2, 1425, '2018-02-11 17:04:09'),
(374, 2, 1426, '2018-02-11 17:04:09'),
(375, 2, 1427, '2018-02-11 17:04:09'),
(376, 2, 1428, '2018-02-11 17:04:09'),
(377, 2, 1429, '2018-02-11 17:04:09'),
(378, 2, 1430, '2018-02-11 17:04:09'),
(379, 2, 1431, '2018-02-11 17:04:09'),
(380, 2, 1432, '2018-02-11 17:04:09'),
(381, 2, 1433, '2018-02-11 17:04:09'),
(382, 2, 1434, '2018-02-11 17:04:09'),
(383, 2, 1435, '2018-02-11 17:04:10'),
(384, 2, 1436, '2018-02-11 17:04:10'),
(385, 2, 1437, '2018-02-11 17:04:10'),
(386, 2, 1438, '2018-02-11 17:04:10'),
(387, 2, 1439, '2018-02-11 17:04:10'),
(388, 2, 1440, '2018-02-11 17:04:10'),
(389, 2, 1441, '2018-02-11 17:04:10'),
(390, 2, 1442, '2018-02-11 17:04:10'),
(391, 2, 1443, '2018-02-11 17:04:10'),
(392, 2, 1444, '2018-02-11 17:04:10'),
(393, 2, 1445, '2018-02-11 17:04:10'),
(394, 2, 1446, '2018-02-11 17:04:10'),
(395, 2, 1447, '2018-02-11 17:04:10'),
(396, 2, 1448, '2018-02-11 17:04:10'),
(397, 2, 1449, '2018-02-11 17:04:10'),
(398, 2, 1450, '2018-02-11 17:04:10'),
(399, 2, 1451, '2018-02-11 17:04:10'),
(400, 2, 1452, '2018-02-11 17:04:10'),
(401, 2, 1453, '2018-02-11 17:04:10'),
(402, 2, 1454, '2018-02-11 17:04:10'),
(403, 2, 1455, '2018-02-11 17:04:10'),
(404, 2, 1456, '2018-02-11 17:04:10'),
(405, 2, 1457, '2018-02-11 17:04:10'),
(406, 2, 1458, '2018-02-11 17:04:10'),
(407, 2, 1459, '2018-02-11 17:04:10'),
(408, 2, 1460, '2018-02-11 17:04:10'),
(409, 2, 1461, '2018-02-11 17:04:11'),
(410, 2, 1462, '2018-02-11 17:04:11'),
(411, 2, 1463, '2018-02-11 17:04:11'),
(412, 2, 1464, '2018-02-11 17:04:11'),
(413, 2, 1465, '2018-02-11 17:04:11'),
(414, 2, 1466, '2018-02-11 17:04:11'),
(415, 2, 1467, '2018-02-11 17:04:11'),
(416, 2, 1468, '2018-02-11 17:04:11'),
(417, 2, 1469, '2018-02-11 17:04:11'),
(418, 2, 1470, '2018-02-11 17:04:11'),
(419, 2, 1471, '2018-02-11 17:04:11'),
(420, 2, 1472, '2018-02-11 17:04:11'),
(421, 2, 1473, '2018-02-11 17:04:11'),
(422, 2, 1474, '2018-02-11 17:04:11'),
(423, 2, 1475, '2018-02-11 17:04:11'),
(424, 2, 1476, '2018-02-11 17:04:11'),
(425, 2, 1477, '2018-02-11 17:04:11'),
(426, 2, 1478, '2018-02-11 17:04:11'),
(427, 2, 1479, '2018-02-11 17:04:11'),
(428, 2, 1480, '2018-02-11 17:04:11'),
(429, 2, 1481, '2018-02-11 17:04:11'),
(430, 2, 1482, '2018-02-11 17:04:11'),
(431, 2, 1483, '2018-02-11 17:04:11'),
(432, 2, 1484, '2018-02-11 17:04:11'),
(433, 2, 1485, '2018-02-11 17:04:11'),
(434, 2, 1486, '2018-02-11 17:04:11'),
(435, 2, 1487, '2018-02-11 17:04:11'),
(436, 2, 1488, '2018-02-11 17:04:11'),
(437, 2, 1489, '2018-02-11 17:04:12'),
(438, 2, 1490, '2018-02-11 17:04:12'),
(439, 2, 1491, '2018-02-11 17:04:12'),
(440, 2, 1492, '2018-02-11 17:04:12'),
(441, 2, 1493, '2018-02-11 17:04:12'),
(442, 2, 1494, '2018-02-11 17:04:12'),
(443, 2, 1495, '2018-02-11 17:04:12'),
(444, 2, 1496, '2018-02-11 17:04:12'),
(445, 2, 1497, '2018-02-11 17:04:12'),
(446, 2, 1498, '2018-02-11 17:04:12'),
(447, 2, 1499, '2018-02-11 17:04:12'),
(448, 2, 1500, '2018-02-11 17:04:12'),
(449, 2, 1501, '2018-02-11 17:04:12'),
(450, 2, 1502, '2018-02-11 17:04:12'),
(451, 2, 1503, '2018-02-11 17:04:12'),
(452, 2, 1504, '2018-02-11 17:04:12'),
(453, 2, 1505, '2018-02-11 17:04:12'),
(454, 2, 1506, '2018-02-11 17:04:12'),
(455, 2, 1507, '2018-02-11 17:04:12'),
(456, 2, 1508, '2018-02-11 17:04:12'),
(457, 2, 1509, '2018-02-11 17:04:12'),
(458, 2, 1510, '2018-02-11 17:04:12'),
(459, 2, 1511, '2018-02-11 17:04:12'),
(460, 2, 1512, '2018-02-11 17:04:12'),
(461, 2, 1513, '2018-02-11 17:04:12'),
(462, 2, 1514, '2018-02-11 17:04:12'),
(463, 2, 1515, '2018-02-11 17:04:12'),
(464, 2, 1516, '2018-02-11 17:04:12'),
(465, 2, 1517, '2018-02-11 17:04:12'),
(466, 2, 1518, '2018-02-11 17:04:12'),
(467, 2, 1519, '2018-02-11 17:04:12'),
(468, 2, 1520, '2018-02-11 17:04:12'),
(469, 2, 1521, '2018-02-11 17:04:12'),
(470, 2, 1522, '2018-02-11 17:04:12'),
(471, 2, 1523, '2018-02-11 17:04:13'),
(472, 2, 1524, '2018-02-11 17:04:13'),
(473, 2, 1525, '2018-02-11 17:04:13'),
(474, 2, 1291, '2018-02-11 17:32:18'),
(475, 2, 1292, '2018-02-11 17:32:18'),
(476, 2, 1293, '2018-02-11 17:32:18'),
(477, 2, 1294, '2018-02-11 17:32:18'),
(478, 2, 1295, '2018-02-11 17:32:18'),
(479, 2, 1297, '2018-02-11 17:32:18'),
(480, 2, 1298, '2018-02-11 17:32:18'),
(481, 2, 1299, '2018-02-11 17:32:18'),
(482, 2, 1302, '2018-02-11 17:32:18'),
(483, 2, 1308, '2018-02-11 17:32:18'),
(484, 2, 1309, '2018-02-11 17:32:18'),
(485, 2, 1310, '2018-02-11 17:32:18'),
(486, 2, 1311, '2018-02-11 17:32:18');

-- --------------------------------------------------------

--
-- Table structure for table `group_types`
--

CREATE TABLE `group_types` (
  `name` varchar(128) NOT NULL,
  `drank` int(11) NOT NULL
) ENGINE=InnoDB DEFAULT CHARSET=latin1;

--
-- Dumping data for table `group_types`
--

INSERT INTO `group_types` (`name`, `drank`) VALUES
('Cell', 0),
('Other', 1000),
('Prayer', 0),
('Youth', 0);

-- --------------------------------------------------------

--
-- Table structure for table `members`
--

CREATE TABLE `members` (
  `id` int(11) NOT NULL,
  `name` varchar(30) NOT NULL,
  `phone` varchar(20) NOT NULL,
  `email` varchar(200) NOT NULL,
  `branchid` bigint(30) NOT NULL COMMENT 'rename locationID to branchid to be more clear',
  `address` varchar(50) NOT NULL,
  `type` varchar(20) NOT NULL,
  `profile_picture` varchar(1024) NOT NULL,
  `token` text,
  `createdDate` date NOT NULL
) ENGINE=InnoDB DEFAULT CHARSET=latin1;

--
-- Dumping data for table `members`
--

INSERT INTO `members` (`id`, `name`, `phone`, `email`, `branchid`, `address`, `type`, `profile_picture`, `token`, `createdDate`) VALUES
(2, 'Clement Muhirwa', '0784848236', 'muhirwaclement@gmail.com', 2, 'kabeza', 'FULL', '', 'dZMXExU-Pnk:APA91bGHFiRmm5mUR9HqS6pTLBXxG2NOMpR5F2HNhRH6-7K6RaS8nogXY2eq0omcFu6LarMmlMy1esn-f_pS_9xSWxRgrFOiQoMHou-9SMuLn3vjzMjOMB_Yx_OZPYg83vmTHV8T2HRY', '2017-05-20'),
(1291, 'Amani Innocent', '784147007', '', 0, '', '', '', NULL, '2018-01-24'),
(1292, 'Bahati Jean Bosco', '783763079', '', 0, '', '', '', NULL, '2018-01-24'),
(1293, 'Barakagwira Consolee', '788515031', '', 0, '', '', '', NULL, '2018-01-24'),
(1294, 'Baramba Jean Paul', '788689746', '', 0, '', '', '', NULL, '2018-01-24'),
(1295, 'Batabazi Emmanuel', '788953003', '', 0, '', '', '', NULL, '2018-01-24'),
(1296, 'Bayisenge Jean Bosco', '788643213', '', 0, '', '', '', NULL, '2018-01-24'),
(1297, 'Bicamumpaka Jean De Dieu', '727152631', '', 0, '', '', '', NULL, '2018-01-24'),
(1298, 'Bigirmana Cadeau', '788769867', '', 0, '', '', '', NULL, '2018-01-24'),
(1299, 'Bikorimana Willy ', '786481134', '', 0, '', '', '', NULL, '2018-01-24'),
(1300, 'Bisangabagabo Egide', '788947862', '', 0, '', '', '', NULL, '2018-01-24'),
(1301, 'Bitembe Naome', '788587152', '', 0, '', '', '', NULL, '2018-01-24'),
(1302, 'Bizimana Felicien', '788403107', '', 0, '', '', '', NULL, '2018-01-24'),
(1303, 'Bizimana Zacharie', '788646651', '', 0, '', '', '', NULL, '2018-01-24'),
(1304, 'Cyatengwa Pascaline', '788300153', '', 0, '', '', '', NULL, '2018-01-24'),
(1305, 'Dusabe Agnes', '783108404', '', 0, '', '', '', NULL, '2018-01-24'),
(1306, 'Dusabimana Alphonse', '722140040', '', 0, '', '', '', NULL, '2018-01-24'),
(1307, 'Gahakwa Pierre Claver', '788499462', '', 0, '', '', '', NULL, '2018-01-24'),
(1308, 'Gahongayire Marie', '788791737', '', 0, '', '', '', NULL, '2018-01-24'),
(1309, 'Gaju Cesarre', '788412802', '', 0, '', '', '', NULL, '2018-01-24'),
(1310, 'Gakwavu Rugigana', '782046764', '', 0, '', '', '', NULL, '2018-01-24'),
(1311, 'Gakwaya Emyre', '786976634', '', 0, '', '', '', NULL, '2018-01-24'),
(1312, 'Gakwaya Etienne', '788512343', '', 0, '', '', '', NULL, '2018-01-24'),
(1313, 'Gasana David', '727385547', '', 0, '', '', '', NULL, '2018-01-24'),
(1314, 'Gasana Israel', '789052155', '', 0, '', '', '', NULL, '2018-01-24'),
(1315, 'Gasana Joel', '725334107', '', 0, '', '', '', NULL, '2018-01-24'),
(1316, 'Gasana Jonathan ', '784010927', '', 0, '', '', '', NULL, '2018-01-24'),
(1317, 'Gasana Seka Frank', '788750853', '', 0, '', '', '', NULL, '2018-01-24'),
(1318, 'Gatera Raoul', '787063581', '', 0, '', '', '', NULL, '2018-01-24'),
(1319, 'Gendaneza Wellars', '722169993', '', 0, '', '', '', NULL, '2018-01-24'),
(1320, 'Habimana Jean Pierre', '785349542', '', 0, '', '', '', NULL, '2018-01-24'),
(1321, 'Habineza Innocent', '784577192', '', 0, '', '', '', NULL, '2018-01-24'),
(1322, 'Hakizimana Ines', '789712807', '', 0, '', '', '', NULL, '2018-01-24'),
(1323, 'Harindintwari Emmanuel', '783347516', '', 0, '', '', '', NULL, '2018-01-24'),
(1324, 'Hategekimana Celestin', '787472001', '', 0, '', '', '', NULL, '2018-01-24'),
(1325, 'Hategekimana Elam', '783817889', '', 0, '', '', '', NULL, '2018-01-24'),
(1326, 'Ihirwe Stella Valentine', '788510864', '', 0, '', '', '', NULL, '2018-01-24'),
(1327, 'Ingabire Epiphanie', '787211698', '', 0, '', '', '', NULL, '2018-01-24'),
(1328, 'Ingabire Lambert', '788450101', '', 0, '', '', '', NULL, '2018-01-24'),
(1329, 'Ingabire Liliane', '788464511', '', 0, '', '', '', NULL, '2018-01-24'),
(1330, 'Ingabire Lynca', '733845211', '', 0, '', '', '', NULL, '2018-01-24'),
(1331, 'Ingabire Uwase Ange', '727628071', '', 0, '', '', '', NULL, '2018-01-24'),
(1332, 'Ingabire Vanessa', '788660042', '', 0, '', '', '', NULL, '2018-01-24'),
(1333, 'Iradukunda Etienne', '784013251', '', 0, '', '', '', NULL, '2018-01-24'),
(1334, 'Iradukunda Leonie', '783672733', '', 0, '', '', '', NULL, '2018-01-24'),
(1335, 'Iradukunda Valuer', '789916229', '', 0, '', '', '', NULL, '2018-01-24'),
(1336, 'Ishami Nadine', '788887623', '', 0, '', '', '', NULL, '2018-01-24'),
(1337, 'Kabalisa Godelive', '788504431', '', 0, '', '', '', NULL, '2018-01-24'),
(1338, 'Kabayiza Marie France', '781604106', '', 0, '', '', '', NULL, '2018-01-24'),
(1339, 'Kabayundo Theresa', '788496243', '', 0, '', '', '', NULL, '2018-01-24'),
(1340, 'Kabega Emilienne', '788527454', '', 0, '', '', '', NULL, '2018-01-24'),
(1341, 'Kagaba Emile', '784451354', '', 0, '', '', '', NULL, '2018-01-24'),
(1342, 'Kagabo Faustin', '788454713', '', 0, '', '', '', NULL, '2018-01-24'),
(1343, 'Kakiiza Winnie', '788502834', '', 0, '', '', '', NULL, '2018-01-24'),
(1344, 'Kamana Eterne', '788640345', '', 0, '', '', '', NULL, '2018-01-24'),
(1345, 'Kamatari Aniseti', '783287214', '', 0, '', '', '', NULL, '2018-01-24'),
(1346, 'Kamwesiga Farida', '783218250', '', 0, '', '', '', NULL, '2018-01-24'),
(1347, 'Kamwesiga Hadja', '788634131', '', 0, '', '', '', NULL, '2018-01-24'),
(1348, 'Kamwesiga Janet', '783007194', '', 0, '', '', '', NULL, '2018-01-24'),
(1349, 'Kaneza Lucie', '725372223', '', 0, '', '', '', NULL, '2018-01-24'),
(1350, 'Kangabe Jeanne', '788510897', '', 0, '', '', '', NULL, '2018-01-24'),
(1351, 'Kankyesha Immaculate', '788521679', '', 0, '', '', '', NULL, '2018-01-24'),
(1352, 'Kanyana Luciana', '788516508', '', 0, '', '', '', NULL, '2018-01-24'),
(1353, 'Karani Leopord', '788675436', '', 0, '', '', '', NULL, '2018-01-24'),
(1354, 'Karanwga U. Sandrine', '784875462', '', 0, '', '', '', NULL, '2018-01-24'),
(1355, 'Karegeya Ghislain', '788211627', '', 0, '', '', '', NULL, '2018-01-24'),
(1356, 'Karinda Vianne', '788513093', '', 0, '', '', '', NULL, '2018-01-24'),
(1357, 'Karisa Umutesi Louise', '788503169', '', 0, '', '', '', NULL, '2018-01-24'),
(1358, 'Kayihura Gaella', '788564545', '', 0, '', '', '', NULL, '2018-01-24'),
(1359, 'Kayihura Stecy', '788594828', '', 0, '', '', '', NULL, '2018-01-24'),
(1360, 'Kayirere Yvonne', '781211690', '', 0, '', '', '', NULL, '2018-01-24'),
(1361, 'Kayitare Celestin', '788301002', '', 0, '', '', '', NULL, '2018-01-24'),
(1362, 'Kayitesi Esther', '782115554', '', 0, '', '', '', NULL, '2018-01-24'),
(1363, 'Kayitesi Maria', '782776649', '', 0, '', '', '', NULL, '2018-01-24'),
(1364, 'Kayobera Esperance', '782167796', '', 0, '', '', '', NULL, '2018-01-24'),
(1365, 'Kwizera Christia', '784115242', '', 0, '', '', '', NULL, '2018-01-24'),
(1366, 'Kwizera Grace', '788651705', '', 0, '', '', '', NULL, '2018-01-24'),
(1367, 'Madali Safari Sett', '736000137', '', 0, '', '', '', NULL, '2018-01-24'),
(1368, 'Mahoro Esther', '786866934', '', 0, '', '', '', NULL, '2018-01-24'),
(1369, 'Manigaba Rene', '788573385', '', 0, '', '', '', NULL, '2018-01-24'),
(1370, 'Masikini Michel', '788751548', '', 0, '', '', '', NULL, '2018-01-24'),
(1371, 'Mazimpaka Jolly', '788601740', '', 0, '', '', '', NULL, '2018-01-24'),
(1372, 'Mazimpaka Patrick', '788490408', '', 0, '', '', '', NULL, '2018-01-24'),
(1373, 'Mbabazi Jennifer', '788424368', '', 0, '', '', '', NULL, '2018-01-24'),
(1374, 'Mbonyinshuti Rosee', '788815779', '', 0, '', '', '', NULL, '2018-01-24'),
(1375, 'Mema Ngarambe Berthe', '788217311', '', 0, '', '', '', NULL, '2018-01-24'),
(1376, 'Miravumba Alain', '788428339', '', 0, '', '', '', NULL, '2018-01-24'),
(1377, 'Miravumba Lucien', '782689522', '', 0, '', '', '', NULL, '2018-01-24'),
(1378, 'Mugabo Muvara Pascal', '784997738', '', 0, '', '', '', NULL, '2018-01-24'),
(1379, 'Muganga Narcisse', '788301882', '', 0, '', '', '', NULL, '2018-01-24'),
(1380, 'Mugisha Nathan', '786791266', '', 0, '', '', '', NULL, '2018-01-24'),
(1381, 'Muhikira Eusebe', '788513764', '', 0, '', '', '', NULL, '2018-01-24'),
(1382, 'Muhongayire Geraldine', '788509065', '', 0, '', '', '', NULL, '2018-01-24'),
(1383, 'Mujawayezu Alvera', '788470495', '', 0, '', '', '', NULL, '2018-01-24'),
(1384, 'Mujawimana Agathe', '788748675', '', 0, '', '', '', NULL, '2018-01-24'),
(1385, 'Mukahabyarimana', '782275989', '', 0, '', '', '', NULL, '2018-01-24'),
(1386, 'Mukakarake Xavelline', '788684985', '', 0, '', '', '', NULL, '2018-01-24'),
(1387, 'Mukamana Eugenie', '785783045', '', 0, '', '', '', NULL, '2018-01-24'),
(1388, 'Mukamugugu Anastasie', '788430574', '', 0, '', '', '', NULL, '2018-01-24'),
(1389, 'Mukamwezi Janet', '783097754', '', 0, '', '', '', NULL, '2018-01-24'),
(1390, 'Mukandori Godeliva', '788492972', '', 0, '', '', '', NULL, '2018-01-24'),
(1391, 'Mukandori Leokadia', '788591607', '', 0, '', '', '', NULL, '2018-01-24'),
(1392, 'Mukaneza Yvette', '786688013', '', 0, '', '', '', NULL, '2018-01-24'),
(1393, 'Mukangarambe Jacqueline', '788436268', '', 0, '', '', '', NULL, '2018-01-24'),
(1394, 'Mukankusi Rose', '783448535', '', 0, '', '', '', NULL, '2018-01-24'),
(1395, 'Mukankwaya Jeanne d\'Arc', '788220156', '', 0, '', '', '', NULL, '2018-01-24'),
(1396, 'Mukantwali Hilarie', '783145660', '', 0, '', '', '', NULL, '2018-01-24'),
(1397, 'Mukanziga Delphine', '788626848', '', 0, '', '', '', NULL, '2018-01-24'),
(1398, 'Mukarwego Catherine', '788817762', '', 0, '', '', '', NULL, '2018-01-24'),
(1399, 'Mukasekuru Stephanie', '788563959', '', 0, '', '', '', NULL, '2018-01-24'),
(1400, 'Mukeshimana Beatrice', '783277338', '', 0, '', '', '', NULL, '2018-01-24'),
(1401, 'Mukeshimana Hilarie', '788584876', '', 0, '', '', '', NULL, '2018-01-24'),
(1402, 'Mukeshimana Medie', '788624086', '', 0, '', '', '', NULL, '2018-01-24'),
(1403, 'Mukeshimana Silivie', '785491764', '', 0, '', '', '', NULL, '2018-01-24'),
(1404, 'Mukwiza Edward', '788301105', '', 0, '', '', '', NULL, '2018-01-24'),
(1405, 'Mumukunde Josephine', '788505642', '', 0, '', '', '', NULL, '2018-01-24'),
(1406, 'Munezero Daniella', '785461770', '', 0, '', '', '', NULL, '2018-01-24'),
(1407, 'Munganyinka Waza Francoise', '788504488', '', 0, '', '', '', NULL, '2018-01-24'),
(1408, 'Munyabarame Jean Pierre', '788648571', '', 0, '', '', '', NULL, '2018-01-24'),
(1409, 'Munyanganizi Bikoro', '788305481', '', 0, '', '', '', NULL, '2018-01-24'),
(1410, 'Munyanganizi Gaju', '788525421', '', 0, '', '', '', NULL, '2018-01-24'),
(1411, 'Munyanziza Emmanuel', '785982621', '', 0, '', '', '', NULL, '2018-01-24'),
(1412, 'Munyenkuge Aroan', '783255848', '', 0, '', '', '', NULL, '2018-01-24'),
(1413, 'Murebwayire Donatha', '788643417', '', 0, '', '', '', NULL, '2018-01-24'),
(1414, 'Murekatete Catherine', '784146717', '', 0, '', '', '', NULL, '2018-01-24'),
(1415, 'Murekatete Joselyne', '788424231', '', 0, '', '', '', NULL, '2018-01-24'),
(1416, 'Murindwa Samuel', '788387575', '', 0, '', '', '', NULL, '2018-01-24'),
(1417, 'Musabwa Louise', '788851811', '', 0, '', '', '', NULL, '2018-01-24'),
(1418, 'Musabyimana Alexandre', '783288413', '', 0, '', '', '', NULL, '2018-01-24'),
(1419, 'Musabyimana Cyrille', '788622665', '', 0, '', '', '', NULL, '2018-01-24'),
(1420, 'Musabyimana Julienne', '786451135', '', 0, '', '', '', NULL, '2018-01-24'),
(1421, 'Musanganwa Christine', '788402984', '', 0, '', '', '', NULL, '2018-01-24'),
(1422, 'Musango Basaninyenzi Erasme', '788435388', '', 0, '', '', '', NULL, '2018-01-24'),
(1423, 'Mushimisha Assumpta', '788596647', '', 0, '', '', '', NULL, '2018-01-24'),
(1424, 'Mutakwayire Liliane', '785124405', '', 0, '', '', '', NULL, '2018-01-24'),
(1425, 'Mwanga Suleiman', '788564016', '', 0, '', '', '', NULL, '2018-01-24'),
(1426, 'Mwizerwa Ignace', '788306571', '', 0, '', '', '', NULL, '2018-01-24'),
(1427, 'Ndayisenga Andre', '788367585', '', 0, '', '', '', NULL, '2018-01-24'),
(1428, 'Ndayizeye Jacqueline', '788488181', '', 0, '', '', '', NULL, '2018-01-24'),
(1429, 'Ndayizigiye Steven', '728592568', '', 0, '', '', '', NULL, '2018-01-24'),
(1430, 'Nduhuye Emmanuel', '788529713', '', 0, '', '', '', NULL, '2018-01-24'),
(1431, 'Neza Laure', '788406158', '', 0, '', '', '', NULL, '2018-01-24'),
(1432, 'Ngaboyisonga Cassien', '788501733', '', 0, '', '', '', NULL, '2018-01-24'),
(1433, 'Ngamije Augustin', '788303838', '', 0, '', '', '', NULL, '2018-01-24'),
(1434, 'Ngamije Kelly', '782852685', '', 0, '', '', '', NULL, '2018-01-24'),
(1435, 'Ngamije Kenny', '788219442', '', 0, '', '', '', NULL, '2018-01-24'),
(1436, 'Ngangare John', '788526616', '', 0, '', '', '', NULL, '2018-01-24'),
(1437, 'Ngarambe Cyprien', '788403346', '', 0, '', '', '', NULL, '2018-01-24'),
(1438, 'Niwenshuti Jean De Dieu', '788860073', '', 0, '', '', '', NULL, '2018-01-24'),
(1439, 'Niyitegeka Francine', '722046053', '', 0, '', '', '', NULL, '2018-01-24'),
(1440, 'Niyonsaba Catherine', '788817815', '', 0, '', '', '', NULL, '2018-01-24'),
(1441, 'Niyonsenga Albert', '788640180', '', 0, '', '', '', NULL, '2018-01-24'),
(1442, 'Nkamwesiga Mariam', '788517541', '', 0, '', '', '', NULL, '2018-01-24'),
(1443, 'Nkamwesiga Mariam', '788382425', '', 0, '', '', '', NULL, '2018-01-24'),
(1444, 'Nsabimana Gadhi', '725849609', '', 0, '', '', '', NULL, '2018-01-24'),
(1445, 'Nsabimana Innocent', '782858012', '', 0, '', '', '', NULL, '2018-01-24'),
(1446, 'Nsabiyumva Vincent', '781579920', '', 0, '', '', '', NULL, '2018-01-24'),
(1447, 'Nsengindagiro Fabrice', '788535224', '', 0, '', '', '', NULL, '2018-01-24'),
(1448, 'Nshimiyimana Jean De Dieu', '786065321', '', 0, '', '', '', NULL, '2018-01-24'),
(1449, 'Ntacogora Jean Paul', '788572410', '', 0, '', '', '', NULL, '2018-01-24'),
(1450, 'Ntezirizaza Alphonse', '788756833', '', 0, '', '', '', NULL, '2018-01-24'),
(1451, 'Ntigurirwa Fabien ', '788807604', '', 0, '', '', '', NULL, '2018-01-24'),
(1452, 'Nyinawingeri Agnes', '784792504', '', 0, '', '', '', NULL, '2018-01-24'),
(1453, 'Nyirabarame Dative', '784228300', '', 0, '', '', '', NULL, '2018-01-24'),
(1454, 'Nyiragirinka Bertho', '782743100', '', 0, '', '', '', NULL, '2018-01-24'),
(1455, 'Nyirahabimana Elisee', '722281226', '', 0, '', '', '', NULL, '2018-01-24'),
(1456, 'Nyirahabimana Floride', '786178157', '', 0, '', '', '', NULL, '2018-01-24'),
(1457, 'Nyirandimubanzi Daphrose', '789014285', '', 0, '', '', '', NULL, '2018-01-24'),
(1458, 'Nyiransengimana Aziza', '786922500', '', 0, '', '', '', NULL, '2018-01-24'),
(1459, 'Nyiranshuti Claudette', '783350941', '', 0, '', '', '', NULL, '2018-01-24'),
(1460, 'Nyirinkindi Jean', '783297534', '', 0, '', '', '', NULL, '2018-01-24'),
(1461, 'Rudahusha Theoneste', '728380983', '', 0, '', '', '', NULL, '2018-01-24'),
(1462, 'Rudasingwa Jean De Dieu', '788505644', '', 0, '', '', '', NULL, '2018-01-24'),
(1463, 'Rugaaju David', '788747503', '', 0, '', '', '', NULL, '2018-01-24'),
(1464, 'Rugomwa Willy', '786660386', '', 0, '', '', '', NULL, '2018-01-24'),
(1465, 'Rukakaza Christian', '725154009', '', 0, '', '', '', NULL, '2018-01-24'),
(1466, 'Rurangirwa Jean Pierre', '783149066', '', 0, '', '', '', NULL, '2018-01-24'),
(1467, 'Rusanga Julius', '788748105', '', 0, '', '', '', NULL, '2018-01-24'),
(1468, 'Rusanganwa  Andre', '788518376', '', 0, '', '', '', NULL, '2018-01-24'),
(1469, 'Rusanwabaganwa Josephine', '788832125', '', 0, '', '', '', NULL, '2018-01-24'),
(1470, 'Rusizana Janvier', '788303171', '', 0, '', '', '', NULL, '2018-01-24'),
(1471, 'Rutabana Rene', '783455465', '', 0, '', '', '', NULL, '2018-01-24'),
(1472, 'Rutazigwa Johnlee', '783037449', '', 0, '', '', '', NULL, '2018-01-24'),
(1473, 'Ruterandongozi Alexandre', '788492070', '', 0, '', '', '', NULL, '2018-01-24'),
(1474, 'Rutijanwa Bonifride', '788849724', '', 0, '', '', '', NULL, '2018-01-24'),
(1475, 'Ruzindaza Andre', '784854923', '', 0, '', '', '', NULL, '2018-01-24'),
(1476, 'Rwabuhihi Ezechias', '788300156', '', 0, '', '', '', NULL, '2018-01-24'),
(1477, 'Rwabuhihi Muhire ', '785049657', '', 0, '', '', '', NULL, '2018-01-24'),
(1478, 'Rwabuhihi Nishimwe Masimbi', '788484166', '', 0, '', '', '', NULL, '2018-01-24'),
(1479, 'Rwabukumba Robert', '788849058', '', 0, '', '', '', NULL, '2018-01-24'),
(1480, 'Rwema Frank', '788428963', '', 0, '', '', '', NULL, '2018-01-24'),
(1481, 'Rwemarika Felicite', '788303398', '', 0, '', '', '', NULL, '2018-01-24'),
(1482, 'Sangwa Perpetue', '788303528', '', 0, '', '', '', NULL, '2018-01-24'),
(1483, 'Semanzi Innocent', '788734850', '', 0, '', '', '', NULL, '2018-01-24'),
(1484, 'Sematuro Christian', '788647882', '', 0, '', '', '', NULL, '2018-01-24'),
(1485, 'Semugaza Alphonse', '788503965', '', 0, '', '', '', NULL, '2018-01-24'),
(1486, 'Semusatsi Isaac', '784589841', '', 0, '', '', '', NULL, '2018-01-24'),
(1487, 'Sendashonga Lionel', '783000256', '', 0, '', '', '', NULL, '2018-01-24'),
(1488, 'Shema Joseph', '788509598', '', 0, '', '', '', NULL, '2018-01-24'),
(1489, 'Shema Kanobana Thierry', '788353120', '', 0, '', '', '', NULL, '2018-01-24'),
(1490, 'Shyirambere Bernard', '787046424', '', 0, '', '', '', NULL, '2018-01-24'),
(1491, 'Sibomana Pascal', '788543782', '', 0, '', '', '', NULL, '2018-01-24'),
(1492, 'Sumwiza Francoise', '788687245', '', 0, '', '', '', NULL, '2018-01-24'),
(1493, 'Taratibu Titien', '788300007', '', 0, '', '', '', NULL, '2018-01-24'),
(1494, 'Tumukunde Sosthene', '788407830', '', 0, '', '', '', NULL, '2018-01-24'),
(1495, 'Twagirmana Justin', '788873707', '', 0, '', '', '', NULL, '2018-01-24'),
(1496, 'Ufitamahoro Jean Claude', '726838928', '', 0, '', '', '', NULL, '2018-01-24'),
(1497, 'Ulimwengu Ngarambe Bernard', '788573415', '', 0, '', '', '', NULL, '2018-01-24'),
(1498, 'Umubyeyi Veneranda', '788520056', '', 0, '', '', '', NULL, '2018-01-24'),
(1499, 'Umulisa Adelinne', '728589516', '', 0, '', '', '', NULL, '2018-01-24'),
(1500, 'Umulisa Esperance', '788476008', '', 0, '', '', '', NULL, '2018-01-24'),
(1501, 'Umulisa Jacqueline', '788526706', '', 0, '', '', '', NULL, '2018-01-24'),
(1502, 'Umutesi Eduige', '788471520', '', 0, '', '', '', NULL, '2018-01-24'),
(1503, 'Umwiza Gizelle', '783099026', '', 0, '', '', '', NULL, '2018-01-24'),
(1504, 'Uwambayinkindi Angelique', '788660693', '', 0, '', '', '', NULL, '2018-01-24'),
(1505, 'Uwamurera Esperance', '783016217', '', 0, '', '', '', NULL, '2018-01-24'),
(1506, 'Uwamwezi Aida', '788649700', '', 0, '', '', '', NULL, '2018-01-24'),
(1507, 'Uwarwaka Ariane', '788931726', '', 0, '', '', '', NULL, '2018-01-24'),
(1508, 'Uwayezu Francois Serge', '788888578', '', 0, '', '', '', NULL, '2018-01-24'),
(1509, 'Uwera Marie Jeanne', '788453483', '', 0, '', '', '', NULL, '2018-01-24'),
(1510, 'Uwiragiye Valence', '782717913', '', 0, '', '', '', NULL, '2018-01-24'),
(1511, 'Uwitonze Claudine', '726282235', '', 0, '', '', '', NULL, '2018-01-24'),
(1512, 'Uwizeye David', '783508130', 'email@gmail.com', 2, 'Kimironko', 'FULL', '', NULL, '2018-01-24'),
(1513, 'Uwizeye Gratias', '785051234', '', 0, '', '', '', NULL, '2018-01-24'),
(1514, 'Uwizeye Lucie', '788732853', '', 0, '', '', '', NULL, '2018-01-24'),
(1515, 'Uwizeyimana Jean de Dieu', '785100671', '', 0, '', '', '', NULL, '2018-01-24'),
(1516, 'Uzamushaka Germaine', '788868242', '', 0, '', '', '', NULL, '2018-01-24'),
(1517, 'Zimurinda Eugene', '788304511', '', 0, '', '', '', NULL, '2018-01-24'),
(1518, 'AA Olivier', '0781673265 ', 'ooo@jhdhf.ds', 3, '', 'FULL', '', NULL, '2018-01-24'),
(1519, 'Tont', '0783109248', 'serrahgalos@gmail.com', 3, '', 'FULL', '', NULL, '2018-01-24'),
(1520, 'Clement Kabarisa', '0788474478', 'gclemento001@gmail.com', 1, 'Kicukiro', 'FULL', '', NULL, '2018-01-29'),
(1521, 'Diana Uwera', '0785054743', 'uweradiah@gmail.com', 0, 'kimironko ', 'FULL', '', NULL, '2018-01-30'),
(1522, 'Stanley Gashora', '0784968343', 'utrwtrt', 2, '', 'FULL', '', NULL, '2018-02-01'),
(1523, 'AA Sam Test', '0785426359', '', 1, 'Kii', 'VISITOR', '', NULL, '2018-02-04'),
(1524, 'AA Sam tigo', '0725102063', '', 1, '987y', 'FULL', '', NULL, '2018-02-04'),
(1525, 'fdfgfgf', 'fgff', 'ewe@fgf.gfgf', 1, 'fgfgf', 'VISITOR', '', NULL, '2018-02-10');

-- --------------------------------------------------------

--
-- Table structure for table `member_types`
--

CREATE TABLE `member_types` (
  `name` varchar(128) NOT NULL
) ENGINE=InnoDB DEFAULT CHARSET=latin1;

--
-- Dumping data for table `member_types`
--

INSERT INTO `member_types` (`name`) VALUES
('Full'),
('Visitor');

-- --------------------------------------------------------

--
-- Table structure for table `message`
--

CREATE TABLE `message` (
  `id` int(11) NOT NULL,
  `sender` int(11) NOT NULL,
  `subject` varchar(200) NOT NULL,
  `message` varchar(200) NOT NULL,
  `time` timestamp NOT NULL DEFAULT CURRENT_TIMESTAMP ON UPDATE CURRENT_TIMESTAMP,
  `channel` varchar(64) NOT NULL
) ENGINE=InnoDB DEFAULT CHARSET=latin1;

--
-- Dumping data for table `message`
--

INSERT INTO `message` (`id`, `sender`, `subject`, `message`, `time`, `channel`) VALUES
(103, 1, '', 'oliver we', '2018-01-24 05:57:46', 'sms'),
(104, 1, '', 'Testmessage', '2018-01-24 07:14:31', 'sms'),
(105, 1, '', 'test', '2018-01-24 13:45:31', 'sms'),
(106, 1, '', 'Test church', '2018-01-24 18:23:44', 'sms'),
(107, 1, '', 'Vjlkhggg hello', '2018-01-24 18:25:34', 'sms'),
(108, 1, '', 'Vjlkhggg hello', '2018-01-24 18:25:46', 'sms'),
(109, 1, '', 'Vjlkhggg hello', '2018-01-24 18:25:46', 'sms'),
(110, 1, '', 'Vjlkhggg hello', '2018-01-24 18:27:17', 'sms'),
(111, 1, '', 'Vjlkhggg hello', '2018-01-24 18:27:17', 'email'),
(112, 1, '', 'Vjlkhggg hello', '2018-01-24 18:27:17', 'sms'),
(113, 1, '', 'Hey', '2018-01-24 18:31:22', 'sms'),
(114, 1, '', 'Hey', '2018-01-24 18:31:22', 'sms'),
(115, 1, '', 'Hey', '2018-01-24 18:31:22', 'sms'),
(116, 1, '', 'Hello. we have a cell meeting this Thursday', '2018-01-24 20:51:29', 'sms'),
(117, 1, '', 'Hell', '2018-01-25 21:03:31', 'sms'),
(118, 1, '', 'Hello Brethren, we have shifted our cell meeting on Friday pleas contact Pr. Hasan if you need more info.', '2018-01-30 12:35:54', 'sms'),
(119, 1, 'Invitation', 'Hello we have A GM on this Sunday please come with some ideas that can transform our church', '2018-01-30 12:37:49', 'email'),
(120, 1, '', 'Hey Is this app working fine?', '2018-01-31 21:18:50', 'sms'),
(121, 1, 'Test Work', 'Hey is this app working even on the mailing?', '2018-01-31 21:20:17', 'email'),
(122, 1, 'Hello', 'In His name we pray', '2018-02-01 01:35:13', 'email'),
(123, 1, '', 'Hello we have a branch ', '2018-02-01 08:48:17', 'sms'),
(124, 1, '', 'Hello we have a branch ', '2018-02-01 08:48:17', 'sms'),
(125, 1, '', 'Hello we have a branch ', '2018-02-01 08:48:17', 'sms'),
(126, 1, '', 'Hello we have a branch', '2018-02-01 08:50:06', 'sms'),
(127, 1, '', 'Hello we have a branch', '2018-02-01 08:51:51', 'app'),
(128, 1, '', 'Salama Sam!', '2018-02-04 02:03:58', 'sms'),
(129, 1, '', 'Resting mn', '2018-02-04 02:06:20', 'sms'),
(130, 1, '', 'Olivier we?', '2018-02-10 21:00:37', 'sms'),
(131, 1, '', 'Test 1', '2018-02-10 22:14:01', 'sms'),
(132, 1, '', 'hey', '2018-02-12 16:17:21', 'sms'),
(133, 1, '', 'Test meessga', '2018-02-12 16:30:58', 'sms');

-- --------------------------------------------------------

--
-- Table structure for table `messageslog`
--

CREATE TABLE `messageslog` (
  `id` int(11) NOT NULL,
  `message` int(11) NOT NULL,
  `receiver` int(11) NOT NULL,
  `time` timestamp NOT NULL DEFAULT CURRENT_TIMESTAMP ON UPDATE CURRENT_TIMESTAMP,
  `status` varchar(20) NOT NULL
) ENGINE=InnoDB DEFAULT CHARSET=latin1;

--
-- Dumping data for table `messageslog`
--

INSERT INTO `messageslog` (`id`, `message`, `receiver`, `time`, `status`) VALUES
(48, 103, 1518, '2018-01-24 05:57:47', 'sent'),
(49, 104, 1518, '2018-01-24 07:14:31', 'pending'),
(50, 104, 2, '2018-01-24 07:14:31', 'pending'),
(51, 105, 2, '2018-01-24 13:45:31', 'pending'),
(52, 106, 1518, '2018-01-24 18:23:47', 'sent'),
(53, 106, 2, '2018-01-24 18:23:44', 'pending'),
(54, 107, 2, '2018-01-24 18:25:41', 'sent'),
(55, 108, 2, '2018-01-24 18:25:54', 'sent'),
(56, 109, 2, '2018-01-24 18:25:56', 'sent'),
(57, 110, 2, '2018-01-24 18:27:20', 'sent'),
(58, 111, 2, '2018-01-24 18:27:17', 'pending'),
(59, 112, 2, '2018-01-24 18:27:23', 'sent'),
(60, 113, 2, '2018-01-24 18:31:25', 'sent'),
(61, 114, 2, '2018-01-24 18:31:30', 'sent'),
(62, 115, 2, '2018-01-24 18:31:33', 'sent'),
(63, 116, 1518, '2018-01-24 20:51:35', 'sent'),
(64, 116, 1519, '2018-01-24 20:51:29', 'pending'),
(65, 117, 2, '2018-01-25 21:03:33', 'sent'),
(66, 118, 2, '2018-01-30 12:35:57', 'sent'),
(67, 118, 1521, '2018-01-30 12:36:02', 'sent'),
(68, 119, 2, '2018-01-30 12:37:49', 'pending'),
(69, 119, 1521, '2018-01-30 12:37:49', 'pending'),
(70, 120, 2, '2018-01-31 21:18:55', 'sent'),
(71, 121, 2, '2018-01-31 21:20:17', 'pending'),
(72, 122, 2, '2018-02-01 01:35:13', 'pending'),
(73, 123, 2, '2018-02-01 08:48:19', 'sent'),
(74, 123, 1522, '2018-02-01 08:48:27', 'sent'),
(75, 123, 1512, '2018-02-01 08:48:48', 'sent'),
(76, 124, 2, '2018-02-01 08:48:21', 'sent'),
(77, 124, 1522, '2018-02-01 08:48:29', 'sent'),
(78, 124, 1512, '2018-02-01 08:48:50', 'sent'),
(79, 125, 2, '2018-02-01 08:48:25', 'sent'),
(80, 125, 1522, '2018-02-01 08:48:46', 'sent'),
(81, 125, 1512, '2018-02-01 08:48:52', 'sent'),
(82, 126, 2, '2018-02-01 08:50:10', 'sent'),
(83, 126, 1522, '2018-02-01 08:50:25', 'sent'),
(84, 127, 2, '2018-02-01 08:51:51', 'failed'),
(85, 128, 1523, '2018-02-04 02:04:00', 'sent'),
(86, 129, 1523, '2018-02-04 02:06:20', 'sent'),
(87, 129, 1524, '2018-02-04 02:06:24', 'sent'),
(88, 130, 1518, '2018-02-10 21:00:39', 'sent'),
(89, 131, 1518, '2018-02-10 22:14:03', 'sent'),
(90, 132, 2, '2018-02-12 16:17:36', 'sent'),
(91, 133, 2, '2018-02-12 16:31:02', 'sent');

-- --------------------------------------------------------

--
-- Table structure for table `mthreads`
--

CREATE TABLE `mthreads` (
  `id` int(11) NOT NULL,
  `message` int(11) NOT NULL,
  `receiver` int(11) NOT NULL,
  `channel` varchar(16) NOT NULL DEFAULT 'sms',
  `time` timestamp NOT NULL DEFAULT CURRENT_TIMESTAMP ON UPDATE CURRENT_TIMESTAMP,
  `status` varchar(20) NOT NULL
) ENGINE=InnoDB DEFAULT CHARSET=latin1;

--
-- Dumping data for table `mthreads`
--

INSERT INTO `mthreads` (`id`, `message`, `receiver`, `channel`, `time`, `status`) VALUES
(1, 1, 0, 'sms', '2017-08-05 17:50:59', 'pending'),
(2, 2, 4, 'sms', '2017-08-05 17:48:32', 'pending'),
(3, 2, 237, 'app', '2017-08-05 22:33:15', 'sent'),
(4, 3, 4, 'sms', '2017-08-05 17:48:32', 'pending'),
(5, 4, 4, 'sms', '2017-08-05 17:48:32', 'pending'),
(6, 4, 237, 'sms', '2017-08-05 17:48:32', 'pending'),
(7, 4, 6, 'sms', '2017-08-05 17:48:32', 'pending'),
(8, 5, 4, 'sms', '2017-08-05 17:48:32', 'pending'),
(9, 5, 237, 'sms', '2017-08-05 17:48:32', 'pending'),
(10, 5, 6, 'sms', '2017-08-05 17:48:32', 'pending'),
(11, 6, 6, 'sms', '2017-08-05 17:48:32', 'pending'),
(12, 6, 239, 'sms', '2017-08-05 17:48:32', 'pending'),
(13, 7, 6, 'sms', '2017-08-05 17:48:32', 'pending'),
(14, 7, 239, 'sms', '2017-08-05 17:48:32', 'pending'),
(15, 8, 237, 'sms', '2017-08-05 17:48:32', 'pending'),
(16, 8, 6, 'sms', '2017-08-05 17:48:32', 'pending'),
(17, 9, 4, 'sms', '2017-08-05 17:48:32', 'pending'),
(18, 9, 237, 'sms', '2017-08-05 17:48:32', 'pending'),
(19, 10, 237, 'sms', '2017-08-05 17:48:32', 'pending'),
(20, 10, 6, 'sms', '2017-08-05 17:48:32', 'pending'),
(21, 10, 239, 'sms', '2017-08-05 17:48:32', 'pending'),
(22, 11, 469, 'sms', '2017-08-05 17:48:32', 'pending'),
(23, 11, 4, 'sms', '2017-08-05 17:48:32', 'pending'),
(24, 11, 237, 'sms', '2017-08-05 17:48:32', 'pending'),
(25, 11, 6, 'sms', '2017-08-05 17:48:32', 'pending'),
(26, 11, 239, 'sms', '2017-08-05 17:48:32', 'pending'),
(27, 11, 240, 'sms', '2017-08-05 17:48:32', 'pending'),
(28, 11, 9, 'sms', '2017-08-05 17:48:32', 'pending'),
(29, 11, 242, 'sms', '2017-08-05 17:48:32', 'pending'),
(30, 11, 11, 'sms', '2017-08-05 17:48:32', 'pending'),
(31, 11, 244, 'sms', '2017-08-05 17:48:32', 'pending'),
(32, 11, 12, 'sms', '2017-08-05 17:48:32', 'pending'),
(33, 11, 13, 'sms', '2017-08-05 17:48:32', 'pending'),
(34, 11, 246, 'sms', '2017-08-05 17:48:32', 'pending'),
(35, 11, 15, 'sms', '2017-08-05 17:48:32', 'pending'),
(36, 11, 248, 'sms', '2017-08-05 17:48:32', 'pending'),
(37, 11, 2, 'sms', '2017-08-05 17:48:32', 'pending'),
(38, 11, 17, 'sms', '2017-08-05 17:48:32', 'pending'),
(39, 11, 18, 'sms', '2017-08-05 17:48:32', 'pending'),
(40, 11, 250, 'sms', '2017-08-05 17:48:32', 'pending'),
(41, 11, 19, 'sms', '2017-08-05 17:48:32', 'pending'),
(42, 11, 251, 'sms', '2017-08-05 17:48:32', 'pending'),
(43, 11, 3, 'sms', '2017-08-05 17:48:32', 'pending'),
(44, 11, 20, 'sms', '2017-08-05 17:48:32', 'pending'),
(45, 11, 252, 'sms', '2017-08-05 17:48:32', 'pending'),
(46, 11, 21, 'sms', '2017-08-05 17:48:32', 'pending'),
(47, 11, 253, 'sms', '2017-08-05 17:48:32', 'pending'),
(48, 11, 22, 'sms', '2017-08-05 17:48:32', 'pending'),
(49, 11, 254, 'sms', '2017-08-05 17:48:32', 'pending'),
(50, 11, 23, 'sms', '2017-08-05 17:48:32', 'pending'),
(51, 11, 255, 'sms', '2017-08-05 17:48:32', 'pending'),
(52, 11, 24, 'sms', '2017-08-05 17:48:32', 'pending'),
(53, 11, 256, 'sms', '2017-08-05 17:48:32', 'pending'),
(54, 11, 25, 'sms', '2017-08-05 17:48:32', 'pending'),
(55, 11, 257, 'sms', '2017-08-05 17:48:32', 'pending'),
(56, 11, 26, 'sms', '2017-08-05 17:48:32', 'pending'),
(57, 11, 258, 'sms', '2017-08-05 17:48:32', 'pending'),
(58, 11, 27, 'sms', '2017-08-05 17:48:32', 'pending'),
(59, 11, 259, 'sms', '2017-08-05 17:48:32', 'pending'),
(60, 11, 28, 'sms', '2017-08-05 17:48:32', 'pending'),
(61, 11, 260, 'sms', '2017-08-05 17:48:32', 'pending'),
(62, 11, 29, 'sms', '2017-08-05 17:48:32', 'pending'),
(63, 11, 261, 'sms', '2017-08-05 17:48:32', 'pending'),
(64, 11, 30, 'sms', '2017-08-05 17:48:32', 'pending'),
(65, 11, 262, 'sms', '2017-08-05 17:48:32', 'pending'),
(66, 11, 31, 'sms', '2017-08-05 17:48:32', 'pending'),
(67, 11, 263, 'sms', '2017-08-05 17:48:32', 'pending'),
(68, 11, 32, 'sms', '2017-08-05 17:48:32', 'pending'),
(69, 11, 264, 'sms', '2017-08-05 17:48:32', 'pending'),
(70, 11, 33, 'sms', '2017-08-05 17:48:32', 'pending'),
(71, 11, 265, 'sms', '2017-08-05 17:48:32', 'pending'),
(72, 11, 34, 'sms', '2017-08-05 17:48:32', 'pending'),
(73, 11, 266, 'sms', '2017-08-05 17:48:32', 'pending'),
(74, 11, 267, 'sms', '2017-08-05 17:48:32', 'pending'),
(75, 11, 35, 'sms', '2017-08-05 17:48:32', 'pending'),
(76, 11, 36, 'sms', '2017-08-05 17:48:32', 'pending'),
(77, 11, 268, 'sms', '2017-08-05 17:48:32', 'pending'),
(78, 11, 37, 'sms', '2017-08-05 17:48:32', 'pending'),
(79, 11, 269, 'sms', '2017-08-05 17:48:32', 'pending'),
(80, 11, 38, 'sms', '2017-08-05 17:48:32', 'pending'),
(81, 11, 270, 'sms', '2017-08-05 17:48:32', 'pending'),
(82, 11, 39, 'sms', '2017-08-05 17:48:32', 'pending'),
(83, 11, 271, 'sms', '2017-08-05 17:48:32', 'pending'),
(84, 11, 40, 'sms', '2017-08-05 17:48:32', 'pending'),
(85, 11, 272, 'sms', '2017-08-05 17:48:32', 'pending'),
(86, 11, 41, 'sms', '2017-08-05 17:48:32', 'pending'),
(87, 11, 273, 'sms', '2017-08-05 17:48:32', 'pending'),
(88, 11, 42, 'sms', '2017-08-05 17:48:32', 'pending'),
(89, 11, 274, 'sms', '2017-08-05 17:48:32', 'pending'),
(90, 11, 43, 'sms', '2017-08-05 17:48:32', 'pending'),
(91, 11, 275, 'sms', '2017-08-05 17:48:32', 'pending'),
(92, 11, 44, 'sms', '2017-08-05 17:48:32', 'pending'),
(93, 11, 276, 'sms', '2017-08-05 17:48:32', 'pending'),
(94, 11, 45, 'sms', '2017-08-05 17:48:32', 'pending'),
(95, 11, 277, 'sms', '2017-08-05 17:48:32', 'pending'),
(96, 11, 46, 'sms', '2017-08-05 17:48:32', 'pending'),
(97, 11, 278, 'sms', '2017-08-05 17:48:32', 'pending'),
(98, 11, 47, 'sms', '2017-08-05 17:48:32', 'pending'),
(99, 11, 279, 'sms', '2017-08-05 17:48:32', 'pending'),
(100, 11, 48, 'sms', '2017-08-05 17:48:32', 'pending'),
(101, 11, 280, 'sms', '2017-08-05 17:48:32', 'pending'),
(102, 11, 49, 'sms', '2017-08-05 17:48:32', 'pending'),
(103, 11, 281, 'sms', '2017-08-05 17:48:32', 'pending'),
(104, 11, 468, 'sms', '2017-08-05 17:48:32', 'pending'),
(105, 11, 467, 'sms', '2017-08-05 17:48:32', 'pending'),
(106, 11, 235, 'sms', '2017-08-05 17:48:32', 'pending'),
(107, 11, 50, 'sms', '2017-08-05 17:48:32', 'pending'),
(108, 11, 282, 'sms', '2017-08-05 17:48:32', 'pending'),
(109, 11, 51, 'sms', '2017-08-05 17:48:32', 'pending'),
(110, 11, 283, 'sms', '2017-08-05 17:48:32', 'pending'),
(111, 11, 52, 'sms', '2017-08-05 17:48:32', 'pending'),
(112, 11, 284, 'sms', '2017-08-05 17:48:32', 'pending'),
(113, 11, 53, 'sms', '2017-08-05 17:48:32', 'pending'),
(114, 11, 285, 'sms', '2017-08-05 17:48:32', 'pending'),
(115, 11, 286, 'sms', '2017-08-05 17:48:32', 'pending'),
(116, 11, 54, 'sms', '2017-08-05 17:48:32', 'pending'),
(117, 11, 55, 'sms', '2017-08-05 17:48:32', 'pending'),
(118, 11, 287, 'sms', '2017-08-05 17:48:32', 'pending'),
(119, 11, 56, 'sms', '2017-08-05 17:48:32', 'pending'),
(120, 11, 288, 'sms', '2017-08-05 17:48:32', 'pending'),
(121, 11, 57, 'sms', '2017-08-05 17:48:32', 'pending'),
(122, 11, 289, 'sms', '2017-08-05 17:48:32', 'pending'),
(123, 11, 58, 'sms', '2017-08-05 17:48:32', 'pending'),
(124, 11, 290, 'sms', '2017-08-05 17:48:32', 'pending'),
(125, 11, 59, 'sms', '2017-08-05 17:48:32', 'pending'),
(126, 11, 291, 'sms', '2017-08-05 17:48:32', 'pending'),
(127, 11, 60, 'sms', '2017-08-05 17:48:32', 'pending'),
(128, 11, 292, 'sms', '2017-08-05 17:48:32', 'pending'),
(129, 11, 293, 'sms', '2017-08-05 17:48:32', 'pending'),
(130, 11, 61, 'sms', '2017-08-05 17:48:32', 'pending'),
(131, 11, 62, 'sms', '2017-08-05 17:48:32', 'pending'),
(132, 11, 294, 'sms', '2017-08-05 17:48:32', 'pending'),
(133, 11, 63, 'sms', '2017-08-05 17:48:32', 'pending'),
(134, 11, 295, 'sms', '2017-08-05 17:48:32', 'pending'),
(135, 11, 64, 'sms', '2017-08-05 17:48:32', 'pending'),
(136, 11, 296, 'sms', '2017-08-05 17:48:32', 'pending'),
(137, 11, 65, 'sms', '2017-08-05 17:48:32', 'pending'),
(138, 11, 297, 'sms', '2017-08-05 17:48:32', 'pending'),
(139, 11, 66, 'sms', '2017-08-05 17:48:32', 'pending'),
(140, 11, 298, 'sms', '2017-08-05 17:48:32', 'pending'),
(141, 11, 67, 'sms', '2017-08-05 17:48:32', 'pending'),
(142, 11, 299, 'sms', '2017-08-05 17:48:32', 'pending'),
(143, 11, 68, 'sms', '2017-08-05 17:48:32', 'pending'),
(144, 11, 300, 'sms', '2017-08-05 17:48:32', 'pending'),
(145, 11, 69, 'sms', '2017-08-05 17:48:32', 'pending'),
(146, 11, 301, 'sms', '2017-08-05 17:48:32', 'pending'),
(147, 11, 70, 'sms', '2017-08-05 17:48:32', 'pending'),
(148, 11, 302, 'sms', '2017-08-05 17:48:32', 'pending'),
(149, 11, 71, 'sms', '2017-08-05 17:48:32', 'pending'),
(150, 11, 303, 'sms', '2017-08-05 17:48:32', 'pending'),
(151, 11, 72, 'sms', '2017-08-05 17:48:32', 'pending'),
(152, 11, 304, 'sms', '2017-08-05 17:48:32', 'pending'),
(153, 11, 305, 'sms', '2017-08-05 17:48:32', 'pending'),
(154, 11, 73, 'sms', '2017-08-05 17:48:32', 'pending'),
(155, 11, 74, 'sms', '2017-08-05 17:48:32', 'pending'),
(156, 11, 306, 'sms', '2017-08-05 17:48:32', 'pending'),
(157, 11, 75, 'sms', '2017-08-05 17:48:32', 'pending'),
(158, 11, 307, 'sms', '2017-08-05 17:48:32', 'pending'),
(159, 11, 76, 'sms', '2017-08-05 17:48:32', 'pending'),
(160, 11, 308, 'sms', '2017-08-05 17:48:32', 'pending'),
(161, 11, 77, 'sms', '2017-08-05 17:48:32', 'pending'),
(162, 11, 309, 'sms', '2017-08-05 17:48:32', 'pending'),
(163, 11, 78, 'sms', '2017-08-05 17:48:32', 'pending'),
(164, 11, 310, 'sms', '2017-08-05 17:48:32', 'pending'),
(165, 11, 79, 'sms', '2017-08-05 17:48:32', 'pending'),
(166, 11, 311, 'sms', '2017-08-05 17:48:32', 'pending'),
(167, 11, 312, 'sms', '2017-08-05 17:48:32', 'pending'),
(168, 11, 80, 'sms', '2017-08-05 17:48:32', 'pending'),
(169, 11, 81, 'sms', '2017-08-05 17:48:32', 'pending'),
(170, 11, 313, 'sms', '2017-08-05 17:48:32', 'pending'),
(171, 11, 82, 'sms', '2017-08-05 17:48:32', 'pending'),
(172, 11, 314, 'sms', '2017-08-05 17:48:32', 'pending'),
(173, 11, 83, 'sms', '2017-08-05 17:48:32', 'pending'),
(174, 11, 315, 'sms', '2017-08-05 17:48:32', 'pending'),
(175, 11, 84, 'sms', '2017-08-05 17:48:32', 'pending'),
(176, 11, 316, 'sms', '2017-08-05 17:48:32', 'pending'),
(177, 11, 85, 'sms', '2017-08-05 17:48:32', 'pending'),
(178, 11, 317, 'sms', '2017-08-05 17:48:32', 'pending'),
(179, 11, 86, 'sms', '2017-08-05 17:48:32', 'pending'),
(180, 11, 318, 'sms', '2017-08-05 17:48:32', 'pending'),
(181, 11, 87, 'sms', '2017-08-05 17:48:32', 'pending'),
(182, 11, 319, 'sms', '2017-08-05 17:48:32', 'pending'),
(183, 11, 88, 'sms', '2017-08-05 17:48:32', 'pending'),
(184, 11, 320, 'sms', '2017-08-05 17:48:32', 'pending'),
(185, 11, 89, 'sms', '2017-08-05 17:48:32', 'pending'),
(186, 11, 321, 'sms', '2017-08-05 17:48:32', 'pending'),
(187, 11, 90, 'sms', '2017-08-05 17:48:32', 'pending'),
(188, 11, 322, 'sms', '2017-08-05 17:48:32', 'pending'),
(189, 11, 91, 'sms', '2017-08-05 17:48:32', 'pending'),
(190, 11, 323, 'sms', '2017-08-05 17:48:32', 'pending'),
(191, 11, 92, 'sms', '2017-08-05 17:48:32', 'pending'),
(192, 11, 324, 'sms', '2017-08-05 17:48:32', 'pending'),
(193, 11, 93, 'sms', '2017-08-05 17:48:32', 'pending'),
(194, 11, 325, 'sms', '2017-08-05 17:48:32', 'pending'),
(195, 11, 94, 'sms', '2017-08-05 17:48:32', 'pending'),
(196, 11, 326, 'sms', '2017-08-05 17:48:32', 'pending'),
(197, 11, 95, 'sms', '2017-08-05 17:48:32', 'pending'),
(198, 11, 327, 'sms', '2017-08-05 17:48:32', 'pending'),
(199, 11, 96, 'sms', '2017-08-05 17:48:32', 'pending'),
(200, 11, 328, 'sms', '2017-08-05 17:48:32', 'pending'),
(201, 11, 97, 'sms', '2017-08-05 17:48:32', 'pending'),
(202, 11, 329, 'sms', '2017-08-05 17:48:32', 'pending'),
(203, 11, 98, 'sms', '2017-08-05 17:48:32', 'pending'),
(204, 11, 330, 'sms', '2017-08-05 17:48:32', 'pending'),
(205, 11, 331, 'sms', '2017-08-05 17:48:32', 'pending'),
(206, 11, 99, 'sms', '2017-08-05 17:48:32', 'pending'),
(207, 11, 100, 'sms', '2017-08-05 17:48:32', 'pending'),
(208, 11, 332, 'sms', '2017-08-05 17:48:32', 'pending'),
(209, 11, 101, 'sms', '2017-08-05 17:48:32', 'pending'),
(210, 11, 333, 'sms', '2017-08-05 17:48:32', 'pending'),
(211, 11, 102, 'sms', '2017-08-05 17:48:32', 'pending'),
(212, 11, 334, 'sms', '2017-08-05 17:48:32', 'pending'),
(213, 11, 103, 'sms', '2017-08-05 17:48:32', 'pending'),
(214, 11, 335, 'sms', '2017-08-05 17:48:32', 'pending'),
(215, 11, 104, 'sms', '2017-08-05 17:48:32', 'pending'),
(216, 11, 336, 'sms', '2017-08-05 17:48:32', 'pending'),
(217, 11, 105, 'sms', '2017-08-05 17:48:32', 'pending'),
(218, 11, 337, 'sms', '2017-08-05 17:48:32', 'pending'),
(219, 11, 106, 'sms', '2017-08-05 17:48:32', 'pending'),
(220, 11, 338, 'sms', '2017-08-05 17:48:32', 'pending'),
(221, 11, 107, 'sms', '2017-08-05 17:48:32', 'pending'),
(222, 11, 339, 'sms', '2017-08-05 17:48:32', 'pending'),
(223, 11, 108, 'sms', '2017-08-05 17:48:32', 'pending'),
(224, 11, 340, 'sms', '2017-08-05 17:48:32', 'pending'),
(225, 11, 109, 'sms', '2017-08-05 17:48:32', 'pending'),
(226, 11, 341, 'sms', '2017-08-05 17:48:32', 'pending'),
(227, 11, 110, 'sms', '2017-08-05 17:48:32', 'pending'),
(228, 11, 342, 'sms', '2017-08-05 17:48:32', 'pending'),
(229, 11, 111, 'sms', '2017-08-05 17:48:32', 'pending'),
(230, 11, 343, 'sms', '2017-08-05 17:48:32', 'pending'),
(231, 11, 112, 'sms', '2017-08-05 17:48:32', 'pending'),
(232, 11, 344, 'sms', '2017-08-05 17:48:32', 'pending'),
(233, 11, 113, 'sms', '2017-08-05 17:48:32', 'pending'),
(234, 11, 345, 'sms', '2017-08-05 17:48:32', 'pending'),
(235, 11, 114, 'sms', '2017-08-05 17:48:32', 'pending'),
(236, 11, 346, 'sms', '2017-08-05 17:48:32', 'pending'),
(237, 11, 115, 'sms', '2017-08-05 17:48:32', 'pending'),
(238, 11, 347, 'sms', '2017-08-05 17:48:32', 'pending'),
(239, 11, 116, 'sms', '2017-08-05 17:48:32', 'pending'),
(240, 11, 348, 'sms', '2017-08-05 17:48:32', 'pending'),
(241, 11, 117, 'sms', '2017-08-05 17:48:32', 'pending'),
(242, 11, 349, 'sms', '2017-08-05 17:48:32', 'pending'),
(243, 11, 350, 'sms', '2017-08-05 17:48:32', 'pending'),
(244, 11, 118, 'sms', '2017-08-05 17:48:32', 'pending'),
(245, 11, 119, 'sms', '2017-08-05 17:48:32', 'pending'),
(246, 11, 351, 'sms', '2017-08-05 17:48:32', 'pending'),
(247, 11, 120, 'sms', '2017-08-05 17:48:32', 'pending'),
(248, 11, 352, 'sms', '2017-08-05 17:48:32', 'pending'),
(249, 11, 121, 'sms', '2017-08-05 17:48:32', 'pending'),
(250, 11, 353, 'sms', '2017-08-05 17:48:32', 'pending'),
(251, 11, 122, 'sms', '2017-08-05 17:48:32', 'pending'),
(252, 11, 354, 'sms', '2017-08-05 17:48:32', 'pending'),
(253, 11, 123, 'sms', '2017-08-05 17:48:32', 'pending'),
(254, 11, 355, 'sms', '2017-08-05 17:48:32', 'pending'),
(255, 11, 124, 'sms', '2017-08-05 17:48:32', 'pending'),
(256, 11, 356, 'sms', '2017-08-05 17:48:32', 'pending'),
(257, 11, 357, 'sms', '2017-08-05 17:48:32', 'pending'),
(258, 11, 125, 'sms', '2017-08-05 17:48:32', 'pending'),
(259, 11, 126, 'sms', '2017-08-05 17:48:32', 'pending'),
(260, 11, 358, 'sms', '2017-08-05 17:48:32', 'pending'),
(261, 11, 127, 'sms', '2017-08-05 17:48:32', 'pending'),
(262, 11, 359, 'sms', '2017-08-05 17:48:32', 'pending'),
(263, 11, 128, 'sms', '2017-08-05 17:48:32', 'pending'),
(264, 11, 360, 'sms', '2017-08-05 17:48:32', 'pending'),
(265, 11, 129, 'sms', '2017-08-05 17:48:32', 'pending'),
(266, 11, 361, 'sms', '2017-08-05 17:48:32', 'pending'),
(267, 11, 130, 'sms', '2017-08-05 17:48:32', 'pending'),
(268, 11, 362, 'sms', '2017-08-05 17:48:32', 'pending'),
(269, 11, 131, 'sms', '2017-08-05 17:48:32', 'pending'),
(270, 11, 363, 'sms', '2017-08-05 17:48:32', 'pending'),
(271, 11, 132, 'sms', '2017-08-05 17:48:32', 'pending'),
(272, 11, 364, 'sms', '2017-08-05 17:48:32', 'pending'),
(273, 11, 133, 'sms', '2017-08-05 17:48:32', 'pending'),
(274, 11, 365, 'sms', '2017-08-05 17:48:32', 'pending'),
(275, 11, 134, 'sms', '2017-08-05 17:48:32', 'pending'),
(276, 11, 366, 'sms', '2017-08-05 17:48:32', 'pending'),
(277, 11, 135, 'sms', '2017-08-05 17:48:32', 'pending'),
(278, 11, 367, 'sms', '2017-08-05 17:48:32', 'pending'),
(279, 11, 136, 'sms', '2017-08-05 17:48:32', 'pending'),
(280, 11, 368, 'sms', '2017-08-05 17:48:32', 'pending'),
(281, 11, 369, 'sms', '2017-08-05 17:48:32', 'pending'),
(282, 11, 137, 'sms', '2017-08-05 17:48:32', 'pending'),
(283, 11, 138, 'sms', '2017-08-05 17:48:32', 'pending'),
(284, 11, 370, 'sms', '2017-08-05 17:48:32', 'pending'),
(285, 11, 139, 'sms', '2017-08-05 17:48:32', 'pending'),
(286, 11, 371, 'sms', '2017-08-05 17:48:32', 'pending'),
(287, 11, 140, 'sms', '2017-08-05 17:48:32', 'pending'),
(288, 11, 372, 'sms', '2017-08-05 17:48:32', 'pending'),
(289, 11, 141, 'sms', '2017-08-05 17:48:32', 'pending'),
(290, 11, 373, 'sms', '2017-08-05 17:48:32', 'pending'),
(291, 11, 142, 'sms', '2017-08-05 17:48:32', 'pending'),
(292, 11, 374, 'sms', '2017-08-05 17:48:32', 'pending'),
(293, 11, 143, 'sms', '2017-08-05 17:48:32', 'pending'),
(294, 11, 375, 'sms', '2017-08-05 17:48:32', 'pending'),
(295, 11, 376, 'sms', '2017-08-05 17:48:32', 'pending'),
(296, 11, 144, 'sms', '2017-08-05 17:48:32', 'pending'),
(297, 11, 145, 'sms', '2017-08-05 17:48:32', 'pending'),
(298, 11, 377, 'sms', '2017-08-05 17:48:32', 'pending'),
(299, 11, 146, 'sms', '2017-08-05 17:48:32', 'pending'),
(300, 11, 378, 'sms', '2017-08-05 17:48:32', 'pending'),
(301, 11, 147, 'sms', '2017-08-05 17:48:32', 'pending'),
(302, 11, 379, 'sms', '2017-08-05 17:48:32', 'pending'),
(303, 11, 148, 'sms', '2017-08-05 17:48:32', 'pending'),
(304, 11, 380, 'sms', '2017-08-05 17:48:32', 'pending'),
(305, 11, 149, 'sms', '2017-08-05 17:48:32', 'pending'),
(306, 11, 381, 'sms', '2017-08-05 17:48:32', 'pending'),
(307, 11, 150, 'sms', '2017-08-05 17:48:32', 'pending'),
(308, 11, 382, 'sms', '2017-08-05 17:48:32', 'pending'),
(309, 11, 151, 'sms', '2017-08-05 17:48:32', 'pending'),
(310, 11, 383, 'sms', '2017-08-05 17:48:32', 'pending'),
(311, 11, 152, 'sms', '2017-08-05 17:48:32', 'pending'),
(312, 11, 384, 'sms', '2017-08-05 17:48:32', 'pending'),
(313, 11, 153, 'sms', '2017-08-05 17:48:32', 'pending'),
(314, 11, 385, 'sms', '2017-08-05 17:48:32', 'pending'),
(315, 11, 154, 'sms', '2017-08-05 17:48:32', 'pending'),
(316, 11, 386, 'sms', '2017-08-05 17:48:32', 'pending'),
(317, 11, 155, 'sms', '2017-08-05 17:48:32', 'pending'),
(318, 11, 387, 'sms', '2017-08-05 17:48:32', 'pending'),
(319, 11, 156, 'sms', '2017-08-05 17:48:32', 'pending'),
(320, 11, 388, 'sms', '2017-08-05 17:48:32', 'pending'),
(321, 11, 157, 'sms', '2017-08-05 17:48:32', 'pending'),
(322, 11, 389, 'sms', '2017-08-05 17:48:32', 'pending'),
(323, 11, 158, 'sms', '2017-08-05 17:48:32', 'pending'),
(324, 11, 390, 'sms', '2017-08-05 17:48:32', 'pending'),
(325, 11, 159, 'sms', '2017-08-05 17:48:32', 'pending'),
(326, 11, 391, 'sms', '2017-08-05 17:48:32', 'pending'),
(327, 11, 160, 'sms', '2017-08-05 17:48:32', 'pending'),
(328, 11, 392, 'sms', '2017-08-05 17:48:32', 'pending'),
(329, 11, 161, 'sms', '2017-08-05 17:48:32', 'pending'),
(330, 11, 393, 'sms', '2017-08-05 17:48:32', 'pending'),
(331, 11, 162, 'sms', '2017-08-05 17:48:32', 'pending'),
(332, 11, 394, 'sms', '2017-08-05 17:48:32', 'pending'),
(333, 11, 395, 'sms', '2017-08-05 17:48:32', 'pending'),
(334, 11, 163, 'sms', '2017-08-05 17:48:32', 'pending'),
(335, 11, 164, 'sms', '2017-08-05 17:48:32', 'pending'),
(336, 11, 396, 'sms', '2017-08-05 17:48:32', 'pending'),
(337, 11, 165, 'sms', '2017-08-05 17:48:32', 'pending'),
(338, 11, 397, 'sms', '2017-08-05 17:48:32', 'pending'),
(339, 11, 166, 'sms', '2017-08-05 17:48:32', 'pending'),
(340, 11, 398, 'sms', '2017-08-05 17:48:32', 'pending'),
(341, 11, 167, 'sms', '2017-08-05 17:48:32', 'pending'),
(342, 11, 399, 'sms', '2017-08-05 17:48:32', 'pending'),
(343, 11, 168, 'sms', '2017-08-05 17:48:32', 'pending'),
(344, 11, 400, 'sms', '2017-08-05 17:48:32', 'pending'),
(345, 11, 169, 'sms', '2017-08-05 17:48:32', 'pending'),
(346, 11, 401, 'sms', '2017-08-05 17:48:32', 'pending'),
(347, 11, 170, 'sms', '2017-08-05 17:48:32', 'pending'),
(348, 11, 402, 'sms', '2017-08-05 17:48:32', 'pending'),
(349, 11, 171, 'sms', '2017-08-05 17:48:32', 'pending'),
(350, 11, 403, 'sms', '2017-08-05 17:48:32', 'pending'),
(351, 11, 172, 'sms', '2017-08-05 17:48:32', 'pending'),
(352, 11, 404, 'sms', '2017-08-05 17:48:32', 'pending'),
(353, 11, 173, 'sms', '2017-08-05 17:48:32', 'pending'),
(354, 11, 405, 'sms', '2017-08-05 17:48:32', 'pending'),
(355, 11, 174, 'sms', '2017-08-05 17:48:32', 'pending'),
(356, 11, 406, 'sms', '2017-08-05 17:48:32', 'pending'),
(357, 11, 175, 'sms', '2017-08-05 17:48:32', 'pending'),
(358, 11, 407, 'sms', '2017-08-05 17:48:32', 'pending'),
(359, 11, 176, 'sms', '2017-08-05 17:48:32', 'pending'),
(360, 11, 408, 'sms', '2017-08-05 17:48:32', 'pending'),
(361, 11, 177, 'sms', '2017-08-05 17:48:32', 'pending'),
(362, 11, 409, 'sms', '2017-08-05 17:48:32', 'pending'),
(363, 11, 178, 'sms', '2017-08-05 17:48:32', 'pending'),
(364, 11, 410, 'sms', '2017-08-05 17:48:32', 'pending'),
(365, 11, 179, 'sms', '2017-08-05 17:48:32', 'pending'),
(366, 11, 411, 'sms', '2017-08-05 17:48:32', 'pending'),
(367, 11, 180, 'sms', '2017-08-05 17:48:32', 'pending'),
(368, 11, 412, 'sms', '2017-08-05 17:48:32', 'pending'),
(369, 11, 181, 'sms', '2017-08-05 17:48:32', 'pending'),
(370, 11, 413, 'sms', '2017-08-05 17:48:32', 'pending'),
(371, 11, 414, 'sms', '2017-08-05 17:48:32', 'pending'),
(372, 11, 182, 'sms', '2017-08-05 17:48:32', 'pending'),
(373, 11, 183, 'sms', '2017-08-05 17:48:32', 'pending'),
(374, 11, 415, 'sms', '2017-08-05 17:48:32', 'pending'),
(375, 11, 184, 'sms', '2017-08-05 17:48:32', 'pending'),
(376, 11, 416, 'sms', '2017-08-05 17:48:32', 'pending'),
(377, 11, 185, 'sms', '2017-08-05 17:48:32', 'pending'),
(378, 11, 417, 'sms', '2017-08-05 17:48:32', 'pending'),
(379, 11, 186, 'sms', '2017-08-05 17:48:32', 'pending'),
(380, 11, 418, 'sms', '2017-08-05 17:48:32', 'pending'),
(381, 11, 187, 'sms', '2017-08-05 17:48:32', 'pending'),
(382, 11, 419, 'sms', '2017-08-05 17:48:32', 'pending'),
(383, 11, 188, 'sms', '2017-08-05 17:48:32', 'pending'),
(384, 11, 420, 'sms', '2017-08-05 17:48:32', 'pending'),
(385, 11, 421, 'sms', '2017-08-05 17:48:32', 'pending'),
(386, 11, 189, 'sms', '2017-08-05 17:48:32', 'pending'),
(387, 11, 190, 'sms', '2017-08-05 17:48:32', 'pending'),
(388, 11, 422, 'sms', '2017-08-05 17:48:32', 'pending'),
(389, 11, 191, 'sms', '2017-08-05 17:48:32', 'pending'),
(390, 11, 423, 'sms', '2017-08-05 17:48:32', 'pending'),
(391, 11, 192, 'sms', '2017-08-05 17:48:32', 'pending'),
(392, 11, 424, 'sms', '2017-08-05 17:48:32', 'pending'),
(393, 11, 193, 'sms', '2017-08-05 17:48:32', 'pending'),
(394, 11, 425, 'sms', '2017-08-05 17:48:32', 'pending'),
(395, 11, 194, 'sms', '2017-08-05 17:48:32', 'pending'),
(396, 11, 426, 'sms', '2017-08-05 17:48:32', 'pending'),
(397, 11, 195, 'sms', '2017-08-05 17:48:32', 'pending'),
(398, 11, 427, 'sms', '2017-08-05 17:48:32', 'pending'),
(399, 11, 196, 'sms', '2017-08-05 17:48:32', 'pending'),
(400, 11, 428, 'sms', '2017-08-05 17:48:32', 'pending'),
(401, 11, 197, 'sms', '2017-08-05 17:48:32', 'pending'),
(402, 11, 429, 'sms', '2017-08-05 17:48:32', 'pending'),
(403, 11, 198, 'sms', '2017-08-05 17:48:32', 'pending'),
(404, 11, 430, 'sms', '2017-08-05 17:48:32', 'pending'),
(405, 11, 199, 'sms', '2017-08-05 17:48:32', 'pending'),
(406, 11, 431, 'sms', '2017-08-05 17:48:32', 'pending'),
(407, 11, 200, 'sms', '2017-08-05 17:48:32', 'pending'),
(408, 11, 432, 'sms', '2017-08-05 17:48:32', 'pending'),
(409, 11, 433, 'sms', '2017-08-05 17:48:32', 'pending'),
(410, 11, 201, 'sms', '2017-08-05 17:48:32', 'pending'),
(411, 11, 202, 'sms', '2017-08-05 17:48:32', 'pending'),
(412, 11, 434, 'sms', '2017-08-05 17:48:32', 'pending'),
(413, 11, 203, 'sms', '2017-08-05 17:48:32', 'pending'),
(414, 11, 435, 'sms', '2017-08-05 17:48:32', 'pending'),
(415, 11, 204, 'sms', '2017-08-05 17:48:32', 'pending'),
(416, 11, 436, 'sms', '2017-08-05 17:48:32', 'pending'),
(417, 11, 205, 'sms', '2017-08-05 17:48:32', 'pending'),
(418, 11, 437, 'sms', '2017-08-05 17:48:32', 'pending'),
(419, 11, 206, 'sms', '2017-08-05 17:48:32', 'pending'),
(420, 11, 438, 'sms', '2017-08-05 17:48:32', 'pending'),
(421, 11, 207, 'sms', '2017-08-05 17:48:32', 'pending'),
(422, 11, 439, 'sms', '2017-08-05 17:48:32', 'pending'),
(423, 11, 440, 'sms', '2017-08-05 17:48:32', 'pending'),
(424, 11, 208, 'sms', '2017-08-05 17:48:32', 'pending'),
(425, 11, 209, 'sms', '2017-08-05 17:48:32', 'pending'),
(426, 11, 441, 'sms', '2017-08-05 17:48:32', 'pending'),
(427, 11, 210, 'sms', '2017-08-05 17:48:32', 'pending'),
(428, 11, 442, 'sms', '2017-08-05 17:48:32', 'pending'),
(429, 11, 211, 'sms', '2017-08-05 17:48:32', 'pending'),
(430, 11, 443, 'sms', '2017-08-05 17:48:32', 'pending'),
(431, 11, 212, 'sms', '2017-08-05 17:48:32', 'pending'),
(432, 11, 444, 'sms', '2017-08-05 17:48:32', 'pending'),
(433, 11, 213, 'sms', '2017-08-05 17:48:32', 'pending'),
(434, 11, 445, 'sms', '2017-08-05 17:48:32', 'pending'),
(435, 11, 214, 'sms', '2017-08-05 17:48:32', 'pending'),
(436, 11, 446, 'sms', '2017-08-05 17:48:32', 'pending'),
(437, 11, 215, 'sms', '2017-08-05 17:48:32', 'pending'),
(438, 11, 447, 'sms', '2017-08-05 17:48:32', 'pending'),
(439, 11, 216, 'sms', '2017-08-05 17:48:32', 'pending'),
(440, 11, 448, 'sms', '2017-08-05 17:48:32', 'pending'),
(441, 11, 217, 'sms', '2017-08-05 17:48:32', 'pending'),
(442, 11, 449, 'sms', '2017-08-05 17:48:32', 'pending'),
(443, 11, 218, 'sms', '2017-08-05 17:48:32', 'pending'),
(444, 11, 450, 'sms', '2017-08-05 17:48:32', 'pending'),
(445, 11, 219, 'sms', '2017-08-05 17:48:32', 'pending'),
(446, 11, 451, 'sms', '2017-08-05 17:48:32', 'pending'),
(447, 11, 220, 'sms', '2017-08-05 17:48:32', 'pending'),
(448, 11, 452, 'sms', '2017-08-05 17:48:32', 'pending'),
(449, 11, 221, 'sms', '2017-08-05 17:48:32', 'pending'),
(450, 11, 453, 'sms', '2017-08-05 17:48:32', 'pending'),
(451, 11, 222, 'sms', '2017-08-05 17:48:32', 'pending'),
(452, 11, 454, 'sms', '2017-08-05 17:48:32', 'pending'),
(453, 11, 223, 'sms', '2017-08-05 17:48:32', 'pending'),
(454, 11, 455, 'sms', '2017-08-05 17:48:32', 'pending'),
(455, 11, 224, 'sms', '2017-08-05 17:48:32', 'pending'),
(456, 11, 456, 'sms', '2017-08-05 17:48:32', 'pending'),
(457, 11, 225, 'sms', '2017-08-05 17:48:32', 'pending'),
(458, 11, 457, 'sms', '2017-08-05 17:48:32', 'pending'),
(459, 11, 226, 'sms', '2017-08-05 17:48:32', 'pending'),
(460, 11, 458, 'sms', '2017-08-05 17:48:32', 'pending'),
(461, 11, 459, 'sms', '2017-08-05 17:48:32', 'pending'),
(462, 11, 227, 'sms', '2017-08-05 17:48:32', 'pending'),
(463, 11, 228, 'sms', '2017-08-05 17:48:32', 'pending'),
(464, 11, 460, 'sms', '2017-08-05 17:48:32', 'pending'),
(465, 11, 229, 'sms', '2017-08-05 17:48:32', 'pending'),
(466, 11, 461, 'sms', '2017-08-05 17:48:32', 'pending'),
(467, 11, 230, 'sms', '2017-08-05 17:48:32', 'pending'),
(468, 11, 462, 'sms', '2017-08-05 17:48:32', 'pending'),
(469, 11, 231, 'sms', '2017-08-05 17:48:32', 'pending'),
(470, 11, 463, 'sms', '2017-08-05 17:48:32', 'pending'),
(471, 11, 232, 'sms', '2017-08-05 17:48:32', 'pending'),
(472, 11, 464, 'sms', '2017-08-05 17:48:32', 'pending'),
(473, 11, 233, 'sms', '2017-08-05 17:48:32', 'pending'),
(474, 11, 465, 'sms', '2017-08-05 17:48:32', 'pending'),
(475, 11, 234, 'sms', '2017-08-05 17:48:32', 'pending'),
(476, 11, 466, 'sms', '2017-08-05 17:48:32', 'pending'),
(477, 12, 4, 'sms', '2017-08-05 17:48:32', 'pending'),
(478, 12, 6, 'sms', '2017-08-05 17:48:32', 'pending'),
(479, 12, 9, 'sms', '2017-08-05 17:48:32', 'pending'),
(480, 12, 11, 'sms', '2017-08-05 17:48:32', 'pending'),
(481, 12, 12, 'sms', '2017-08-05 17:48:32', 'pending'),
(482, 12, 13, 'sms', '2017-08-05 17:48:32', 'pending'),
(483, 12, 15, 'sms', '2017-08-05 17:48:32', 'pending'),
(484, 12, 17, 'sms', '2017-08-05 17:48:32', 'pending'),
(485, 12, 18, 'sms', '2017-08-05 17:48:32', 'pending'),
(486, 12, 19, 'sms', '2017-08-05 17:48:32', 'pending'),
(487, 12, 3, 'sms', '2017-08-05 17:48:32', 'pending'),
(488, 12, 20, 'sms', '2017-08-05 17:48:32', 'pending'),
(489, 12, 21, 'sms', '2017-08-05 17:48:32', 'pending'),
(490, 12, 22, 'sms', '2017-08-05 17:48:32', 'pending'),
(491, 12, 23, 'sms', '2017-08-05 17:48:32', 'pending'),
(492, 12, 24, 'sms', '2017-08-05 17:48:32', 'pending'),
(493, 12, 25, 'sms', '2017-08-05 17:48:32', 'pending'),
(494, 12, 26, 'sms', '2017-08-05 17:48:32', 'pending'),
(495, 12, 27, 'sms', '2017-08-05 17:48:32', 'pending'),
(496, 12, 28, 'sms', '2017-08-05 17:48:32', 'pending'),
(497, 12, 29, 'sms', '2017-08-05 17:48:32', 'pending'),
(498, 12, 30, 'sms', '2017-08-05 17:48:32', 'pending'),
(499, 12, 31, 'sms', '2017-08-05 17:48:32', 'pending'),
(500, 12, 32, 'sms', '2017-08-05 17:48:32', 'pending'),
(501, 12, 33, 'sms', '2017-08-05 17:48:32', 'pending'),
(502, 12, 34, 'sms', '2017-08-05 17:48:32', 'pending'),
(503, 12, 35, 'sms', '2017-08-05 17:48:32', 'pending'),
(504, 12, 36, 'sms', '2017-08-05 17:48:32', 'pending'),
(505, 12, 37, 'sms', '2017-08-05 17:48:32', 'pending'),
(506, 12, 38, 'sms', '2017-08-05 17:48:32', 'pending'),
(507, 12, 39, 'sms', '2017-08-05 17:48:32', 'pending'),
(508, 12, 40, 'sms', '2017-08-05 17:48:32', 'pending'),
(509, 12, 41, 'sms', '2017-08-05 17:48:32', 'pending'),
(510, 12, 42, 'sms', '2017-08-05 17:48:32', 'pending'),
(511, 12, 43, 'sms', '2017-08-05 17:48:32', 'pending'),
(512, 12, 44, 'sms', '2017-08-05 17:48:32', 'pending'),
(513, 12, 45, 'sms', '2017-08-05 17:48:32', 'pending'),
(514, 12, 46, 'sms', '2017-08-05 17:48:32', 'pending'),
(515, 12, 47, 'sms', '2017-08-05 17:48:32', 'pending'),
(516, 12, 48, 'sms', '2017-08-05 17:48:32', 'pending'),
(517, 12, 49, 'sms', '2017-08-05 17:48:32', 'pending'),
(518, 12, 50, 'sms', '2017-08-05 17:48:32', 'pending'),
(519, 12, 52, 'sms', '2017-08-05 17:48:32', 'pending'),
(520, 12, 53, 'sms', '2017-08-05 17:48:32', 'pending'),
(521, 12, 54, 'sms', '2017-08-05 17:48:32', 'pending'),
(522, 12, 55, 'sms', '2017-08-05 17:48:32', 'pending'),
(523, 12, 56, 'sms', '2017-08-05 17:48:32', 'pending'),
(524, 12, 57, 'sms', '2017-08-05 17:48:32', 'pending'),
(525, 12, 58, 'sms', '2017-08-05 17:48:32', 'pending'),
(526, 12, 59, 'sms', '2017-08-05 17:48:32', 'pending'),
(527, 12, 60, 'sms', '2017-08-05 17:48:32', 'pending'),
(528, 12, 61, 'sms', '2017-08-05 17:48:32', 'pending'),
(529, 12, 62, 'sms', '2017-08-05 17:48:32', 'pending'),
(530, 12, 63, 'sms', '2017-08-05 17:48:32', 'pending'),
(531, 12, 64, 'sms', '2017-08-05 17:48:32', 'pending'),
(532, 12, 65, 'sms', '2017-08-05 17:48:32', 'pending'),
(533, 12, 66, 'sms', '2017-08-05 17:48:32', 'pending'),
(534, 12, 67, 'sms', '2017-08-05 17:48:32', 'pending'),
(535, 12, 68, 'sms', '2017-08-05 17:48:32', 'pending'),
(536, 12, 69, 'sms', '2017-08-05 17:48:32', 'pending'),
(537, 12, 70, 'sms', '2017-08-05 17:48:32', 'pending'),
(538, 12, 71, 'sms', '2017-08-05 17:48:32', 'pending'),
(539, 12, 72, 'sms', '2017-08-05 17:48:32', 'pending'),
(540, 12, 73, 'sms', '2017-08-05 17:48:32', 'pending'),
(541, 12, 74, 'sms', '2017-08-05 17:48:32', 'pending'),
(542, 12, 75, 'sms', '2017-08-05 17:48:32', 'pending'),
(543, 12, 76, 'sms', '2017-08-05 17:48:32', 'pending'),
(544, 12, 77, 'sms', '2017-08-05 17:48:32', 'pending'),
(545, 12, 78, 'sms', '2017-08-05 17:48:32', 'pending'),
(546, 12, 79, 'sms', '2017-08-05 17:48:32', 'pending'),
(547, 12, 80, 'sms', '2017-08-05 17:48:32', 'pending'),
(548, 12, 81, 'sms', '2017-08-05 17:48:32', 'pending'),
(549, 12, 82, 'sms', '2017-08-05 17:48:32', 'pending'),
(550, 12, 83, 'sms', '2017-08-05 17:48:32', 'pending'),
(551, 12, 84, 'sms', '2017-08-05 17:48:32', 'pending'),
(552, 12, 85, 'sms', '2017-08-05 17:48:32', 'pending'),
(553, 12, 86, 'sms', '2017-08-05 17:48:32', 'pending'),
(554, 12, 87, 'sms', '2017-08-05 17:48:32', 'pending'),
(555, 12, 88, 'sms', '2017-08-05 17:48:32', 'pending'),
(556, 12, 89, 'sms', '2017-08-05 17:48:32', 'pending'),
(557, 12, 90, 'sms', '2017-08-05 17:48:32', 'pending'),
(558, 12, 91, 'sms', '2017-08-05 17:48:32', 'pending'),
(559, 12, 92, 'sms', '2017-08-05 17:48:32', 'pending'),
(560, 12, 93, 'sms', '2017-08-05 17:48:32', 'pending'),
(561, 12, 94, 'sms', '2017-08-05 17:48:32', 'pending'),
(562, 12, 95, 'sms', '2017-08-05 17:48:32', 'pending'),
(563, 12, 96, 'sms', '2017-08-05 17:48:32', 'pending'),
(564, 12, 97, 'sms', '2017-08-05 17:48:32', 'pending'),
(565, 12, 98, 'sms', '2017-08-05 17:48:32', 'pending'),
(566, 12, 99, 'sms', '2017-08-05 17:48:32', 'pending'),
(567, 12, 100, 'sms', '2017-08-05 17:48:32', 'pending'),
(568, 12, 101, 'sms', '2017-08-05 17:48:32', 'pending'),
(569, 12, 102, 'sms', '2017-08-05 17:48:32', 'pending'),
(570, 12, 103, 'sms', '2017-08-05 17:48:32', 'pending'),
(571, 12, 104, 'sms', '2017-08-05 17:48:32', 'pending'),
(572, 12, 105, 'sms', '2017-08-05 17:48:32', 'pending'),
(573, 12, 106, 'sms', '2017-08-05 17:48:32', 'pending'),
(574, 12, 107, 'sms', '2017-08-05 17:48:32', 'pending'),
(575, 12, 108, 'sms', '2017-08-05 17:48:32', 'pending'),
(576, 12, 109, 'sms', '2017-08-05 17:48:32', 'pending'),
(577, 12, 110, 'sms', '2017-08-05 17:48:32', 'pending'),
(578, 12, 111, 'sms', '2017-08-05 17:48:32', 'pending'),
(579, 12, 112, 'sms', '2017-08-05 17:48:32', 'pending'),
(580, 12, 113, 'sms', '2017-08-05 17:48:32', 'pending'),
(581, 12, 114, 'sms', '2017-08-05 17:48:32', 'pending'),
(582, 12, 115, 'sms', '2017-08-05 17:48:32', 'pending'),
(583, 12, 116, 'sms', '2017-08-05 17:48:32', 'pending'),
(584, 12, 117, 'sms', '2017-08-05 17:48:32', 'pending'),
(585, 12, 118, 'sms', '2017-08-05 17:48:32', 'pending'),
(586, 12, 119, 'sms', '2017-08-05 17:48:32', 'pending'),
(587, 12, 120, 'sms', '2017-08-05 17:48:32', 'pending'),
(588, 12, 121, 'sms', '2017-08-05 17:48:32', 'pending'),
(589, 12, 122, 'sms', '2017-08-05 17:48:32', 'pending'),
(590, 12, 123, 'sms', '2017-08-05 17:48:32', 'pending'),
(591, 12, 124, 'sms', '2017-08-05 17:48:32', 'pending'),
(592, 12, 125, 'sms', '2017-08-05 17:48:32', 'pending'),
(593, 12, 126, 'sms', '2017-08-05 17:48:32', 'pending'),
(594, 12, 127, 'sms', '2017-08-05 17:48:32', 'pending'),
(595, 12, 128, 'sms', '2017-08-05 17:48:32', 'pending'),
(596, 12, 129, 'sms', '2017-08-05 17:48:32', 'pending'),
(597, 12, 130, 'sms', '2017-08-05 17:48:32', 'pending'),
(598, 12, 131, 'sms', '2017-08-05 17:48:32', 'pending'),
(599, 12, 132, 'sms', '2017-08-05 17:48:32', 'pending'),
(600, 12, 133, 'sms', '2017-08-05 17:48:32', 'pending'),
(601, 12, 134, 'sms', '2017-08-05 17:48:32', 'pending'),
(602, 12, 135, 'sms', '2017-08-05 17:48:32', 'pending'),
(603, 12, 136, 'sms', '2017-08-05 17:48:32', 'pending'),
(604, 12, 137, 'sms', '2017-08-05 17:48:32', 'pending'),
(605, 12, 138, 'sms', '2017-08-05 17:48:32', 'pending'),
(606, 12, 139, 'sms', '2017-08-05 17:48:32', 'pending'),
(607, 12, 140, 'sms', '2017-08-05 17:48:32', 'pending'),
(608, 12, 141, 'sms', '2017-08-05 17:48:32', 'pending'),
(609, 12, 142, 'sms', '2017-08-05 17:48:32', 'pending'),
(610, 12, 143, 'sms', '2017-08-05 17:48:32', 'pending'),
(611, 12, 144, 'sms', '2017-08-05 17:48:32', 'pending'),
(612, 12, 145, 'sms', '2017-08-05 17:48:32', 'pending'),
(613, 12, 146, 'sms', '2017-08-05 17:48:32', 'pending'),
(614, 12, 147, 'sms', '2017-08-05 17:48:32', 'pending'),
(615, 12, 148, 'sms', '2017-08-05 17:48:32', 'pending'),
(616, 12, 149, 'sms', '2017-08-05 17:48:32', 'pending'),
(617, 12, 150, 'sms', '2017-08-05 17:48:32', 'pending'),
(618, 12, 151, 'sms', '2017-08-05 17:48:32', 'pending'),
(619, 12, 152, 'sms', '2017-08-05 17:48:32', 'pending'),
(620, 12, 153, 'sms', '2017-08-05 17:48:32', 'pending'),
(621, 12, 154, 'sms', '2017-08-05 17:48:32', 'pending'),
(622, 12, 156, 'sms', '2017-08-05 17:48:32', 'pending'),
(623, 12, 155, 'sms', '2017-08-05 17:48:32', 'pending'),
(624, 12, 157, 'sms', '2017-08-05 17:48:32', 'pending'),
(625, 12, 158, 'sms', '2017-08-05 17:48:32', 'pending'),
(626, 12, 159, 'sms', '2017-08-05 17:48:32', 'pending'),
(627, 12, 160, 'sms', '2017-08-05 17:48:32', 'pending'),
(628, 12, 161, 'sms', '2017-08-05 17:48:32', 'pending'),
(629, 12, 162, 'sms', '2017-08-05 17:48:32', 'pending'),
(630, 12, 163, 'sms', '2017-08-05 17:48:32', 'pending'),
(631, 12, 164, 'sms', '2017-08-05 17:48:32', 'pending'),
(632, 12, 165, 'sms', '2017-08-05 17:48:32', 'pending'),
(633, 12, 166, 'sms', '2017-08-05 17:48:32', 'pending'),
(634, 12, 167, 'sms', '2017-08-05 17:48:32', 'pending'),
(635, 12, 168, 'sms', '2017-08-05 17:48:32', 'pending'),
(636, 12, 169, 'sms', '2017-08-05 17:48:32', 'pending'),
(637, 12, 466, 'sms', '2017-08-05 17:48:32', 'pending'),
(638, 13, 237, 'sms', '2017-08-05 17:48:32', 'pending'),
(639, 13, 6, 'sms', '2017-08-05 17:48:32', 'pending'),
(640, 13, 242, 'sms', '2017-08-05 17:48:32', 'pending'),
(641, 14, 237, 'sms', '2017-08-05 17:48:32', 'pending'),
(642, 14, 6, 'sms', '2017-08-05 17:48:32', 'pending'),
(643, 15, 237, 'sms', '2017-08-05 17:48:32', 'pending'),
(644, 15, 6, 'sms', '2017-08-05 17:48:32', 'pending'),
(645, 16, 4, 'sms', '2017-08-05 17:48:32', 'pending'),
(646, 16, 237, 'sms', '2017-08-05 17:48:32', 'pending'),
(647, 17, 4, 'sms', '2017-08-05 17:48:32', 'pending'),
(648, 17, 6, 'sms', '2017-08-05 17:48:32', 'pending'),
(649, 17, 9, 'sms', '2017-08-05 17:48:32', 'pending'),
(650, 17, 11, 'sms', '2017-08-05 17:48:32', 'pending'),
(651, 17, 12, 'sms', '2017-08-05 17:48:32', 'pending'),
(652, 17, 13, 'sms', '2017-08-05 17:48:32', 'pending'),
(653, 17, 15, 'sms', '2017-08-05 17:48:32', 'pending'),
(654, 17, 17, 'sms', '2017-08-05 17:48:32', 'pending'),
(655, 17, 18, 'sms', '2017-08-05 17:48:32', 'pending'),
(656, 17, 19, 'sms', '2017-08-05 17:48:32', 'pending'),
(657, 17, 3, 'sms', '2017-08-05 17:48:32', 'pending'),
(658, 17, 20, 'sms', '2017-08-05 17:48:32', 'pending'),
(659, 17, 21, 'sms', '2017-08-05 17:48:32', 'pending'),
(660, 17, 22, 'sms', '2017-08-05 17:48:32', 'pending'),
(661, 17, 23, 'sms', '2017-08-05 17:48:32', 'pending'),
(662, 17, 24, 'sms', '2017-08-05 17:48:32', 'pending'),
(663, 17, 25, 'sms', '2017-08-05 17:48:32', 'pending'),
(664, 17, 26, 'sms', '2017-08-05 17:48:32', 'pending'),
(665, 17, 27, 'sms', '2017-08-05 17:48:32', 'pending'),
(666, 17, 28, 'sms', '2017-08-05 17:48:32', 'pending'),
(667, 17, 29, 'sms', '2017-08-05 17:48:32', 'pending'),
(668, 17, 30, 'sms', '2017-08-05 17:48:32', 'pending'),
(669, 17, 31, 'sms', '2017-08-05 17:48:32', 'pending'),
(670, 17, 32, 'sms', '2017-08-05 17:48:32', 'pending'),
(671, 17, 33, 'sms', '2017-08-05 17:48:32', 'pending'),
(672, 17, 34, 'sms', '2017-08-05 17:48:32', 'pending'),
(673, 17, 35, 'sms', '2017-08-05 17:48:32', 'pending'),
(674, 17, 36, 'sms', '2017-08-05 17:48:32', 'pending'),
(675, 17, 37, 'sms', '2017-08-05 17:48:32', 'pending'),
(676, 17, 38, 'sms', '2017-08-05 17:48:32', 'pending'),
(677, 17, 39, 'sms', '2017-08-05 17:48:32', 'pending'),
(678, 17, 40, 'sms', '2017-08-05 17:48:32', 'pending'),
(679, 17, 41, 'sms', '2017-08-05 17:48:32', 'pending'),
(680, 17, 42, 'sms', '2017-08-05 17:48:32', 'pending'),
(681, 17, 43, 'sms', '2017-08-05 17:48:32', 'pending'),
(682, 17, 44, 'sms', '2017-08-05 17:48:32', 'pending'),
(683, 17, 45, 'sms', '2017-08-05 17:48:32', 'pending'),
(684, 17, 46, 'sms', '2017-08-05 17:48:32', 'pending'),
(685, 17, 47, 'sms', '2017-08-05 17:48:32', 'pending'),
(686, 17, 48, 'sms', '2017-08-05 17:48:32', 'pending'),
(687, 17, 49, 'sms', '2017-08-05 17:48:32', 'pending'),
(688, 17, 50, 'sms', '2017-08-05 17:48:32', 'pending'),
(689, 17, 52, 'sms', '2017-08-05 17:48:32', 'pending'),
(690, 17, 53, 'sms', '2017-08-05 17:48:32', 'pending'),
(691, 17, 54, 'sms', '2017-08-05 17:48:32', 'pending'),
(692, 17, 55, 'sms', '2017-08-05 17:48:32', 'pending'),
(693, 17, 56, 'sms', '2017-08-05 17:48:32', 'pending'),
(694, 17, 57, 'sms', '2017-08-05 17:48:32', 'pending'),
(695, 17, 58, 'sms', '2017-08-05 17:48:32', 'pending'),
(696, 17, 59, 'sms', '2017-08-05 17:48:32', 'pending'),
(697, 17, 60, 'sms', '2017-08-05 17:48:32', 'pending'),
(698, 17, 61, 'sms', '2017-08-05 17:48:32', 'pending'),
(699, 17, 62, 'sms', '2017-08-05 17:48:32', 'pending'),
(700, 17, 63, 'sms', '2017-08-05 17:48:32', 'pending'),
(701, 17, 64, 'sms', '2017-08-05 17:48:32', 'pending'),
(702, 17, 65, 'sms', '2017-08-05 17:48:32', 'pending'),
(703, 17, 66, 'sms', '2017-08-05 17:48:32', 'pending'),
(704, 17, 67, 'sms', '2017-08-05 17:48:32', 'pending'),
(705, 17, 68, 'sms', '2017-08-05 17:48:32', 'pending'),
(706, 17, 69, 'sms', '2017-08-05 17:48:32', 'pending'),
(707, 17, 70, 'sms', '2017-08-05 17:48:32', 'pending'),
(708, 17, 71, 'sms', '2017-08-05 17:48:32', 'pending'),
(709, 17, 72, 'sms', '2017-08-05 17:48:32', 'pending'),
(710, 17, 73, 'sms', '2017-08-05 17:48:32', 'pending'),
(711, 17, 74, 'sms', '2017-08-05 17:48:32', 'pending'),
(712, 17, 75, 'sms', '2017-08-05 17:48:32', 'pending'),
(713, 17, 76, 'sms', '2017-08-05 17:48:32', 'pending'),
(714, 17, 77, 'sms', '2017-08-05 17:48:32', 'pending'),
(715, 17, 78, 'sms', '2017-08-05 17:48:32', 'pending'),
(716, 17, 79, 'sms', '2017-08-05 17:48:32', 'pending'),
(717, 17, 80, 'sms', '2017-08-05 17:48:32', 'pending'),
(718, 17, 81, 'sms', '2017-08-05 17:48:32', 'pending'),
(719, 17, 82, 'sms', '2017-08-05 17:48:32', 'pending'),
(720, 17, 83, 'sms', '2017-08-05 17:48:32', 'pending'),
(721, 17, 84, 'sms', '2017-08-05 17:48:32', 'pending'),
(722, 17, 85, 'sms', '2017-08-05 17:48:32', 'pending'),
(723, 17, 86, 'sms', '2017-08-05 17:48:32', 'pending'),
(724, 17, 87, 'sms', '2017-08-05 17:48:32', 'pending'),
(725, 17, 88, 'sms', '2017-08-05 17:48:32', 'pending'),
(726, 17, 89, 'sms', '2017-08-05 17:48:32', 'pending'),
(727, 17, 90, 'sms', '2017-08-05 17:48:32', 'pending'),
(728, 17, 91, 'sms', '2017-08-05 17:48:32', 'pending'),
(729, 17, 92, 'sms', '2017-08-05 17:48:32', 'pending'),
(730, 17, 93, 'sms', '2017-08-05 17:48:32', 'pending'),
(731, 17, 94, 'sms', '2017-08-05 17:48:32', 'pending'),
(732, 17, 95, 'sms', '2017-08-05 17:48:32', 'pending'),
(733, 17, 96, 'sms', '2017-08-05 17:48:32', 'pending'),
(734, 17, 97, 'sms', '2017-08-05 17:48:32', 'pending'),
(735, 17, 98, 'sms', '2017-08-05 17:48:32', 'pending'),
(736, 17, 99, 'sms', '2017-08-05 17:48:32', 'pending'),
(737, 17, 100, 'sms', '2017-08-05 17:48:32', 'pending'),
(738, 17, 101, 'sms', '2017-08-05 17:48:32', 'pending'),
(739, 17, 102, 'sms', '2017-08-05 17:48:32', 'pending'),
(740, 17, 103, 'sms', '2017-08-05 17:48:32', 'pending'),
(741, 17, 104, 'sms', '2017-08-05 17:48:32', 'pending'),
(742, 17, 105, 'sms', '2017-08-05 17:48:32', 'pending'),
(743, 17, 106, 'sms', '2017-08-05 17:48:32', 'pending'),
(744, 17, 107, 'sms', '2017-08-05 17:48:32', 'pending'),
(745, 17, 108, 'sms', '2017-08-05 17:48:32', 'pending'),
(746, 17, 109, 'sms', '2017-08-05 17:48:32', 'pending'),
(747, 17, 110, 'sms', '2017-08-05 17:48:32', 'pending'),
(748, 17, 111, 'sms', '2017-08-05 17:48:32', 'pending'),
(749, 17, 112, 'sms', '2017-08-05 17:48:32', 'pending'),
(750, 17, 113, 'sms', '2017-08-05 17:48:32', 'pending'),
(751, 17, 114, 'sms', '2017-08-05 17:48:32', 'pending'),
(752, 17, 115, 'sms', '2017-08-05 17:48:32', 'pending'),
(753, 17, 116, 'sms', '2017-08-05 17:48:32', 'pending'),
(754, 17, 117, 'sms', '2017-08-05 17:48:32', 'pending'),
(755, 17, 118, 'sms', '2017-08-05 17:48:32', 'pending'),
(756, 17, 119, 'sms', '2017-08-05 17:48:32', 'pending'),
(757, 17, 120, 'sms', '2017-08-05 17:48:32', 'pending'),
(758, 17, 121, 'sms', '2017-08-05 17:48:32', 'pending'),
(759, 17, 122, 'sms', '2017-08-05 17:48:32', 'pending'),
(760, 17, 123, 'sms', '2017-08-05 17:48:32', 'pending'),
(761, 17, 124, 'sms', '2017-08-05 17:48:32', 'pending'),
(762, 17, 125, 'sms', '2017-08-05 17:48:32', 'pending'),
(763, 17, 126, 'sms', '2017-08-05 17:48:32', 'pending'),
(764, 17, 127, 'sms', '2017-08-05 17:48:32', 'pending'),
(765, 17, 128, 'sms', '2017-08-05 17:48:32', 'pending'),
(766, 17, 129, 'sms', '2017-08-05 17:48:32', 'pending'),
(767, 17, 130, 'sms', '2017-08-05 17:48:32', 'pending'),
(768, 17, 131, 'sms', '2017-08-05 17:48:32', 'pending'),
(769, 17, 132, 'sms', '2017-08-05 17:48:32', 'pending'),
(770, 17, 133, 'sms', '2017-08-05 17:48:32', 'pending'),
(771, 17, 134, 'sms', '2017-08-05 17:48:32', 'pending'),
(772, 17, 135, 'sms', '2017-08-05 17:48:32', 'pending'),
(773, 17, 136, 'sms', '2017-08-05 17:48:32', 'pending'),
(774, 17, 137, 'sms', '2017-08-05 17:48:32', 'pending'),
(775, 17, 138, 'sms', '2017-08-05 17:48:32', 'pending'),
(776, 17, 139, 'sms', '2017-08-05 17:48:32', 'pending'),
(777, 17, 140, 'sms', '2017-08-05 17:48:32', 'pending'),
(778, 17, 141, 'sms', '2017-08-05 17:48:32', 'pending'),
(779, 17, 142, 'sms', '2017-08-05 17:48:32', 'pending'),
(780, 17, 143, 'sms', '2017-08-05 17:48:32', 'pending'),
(781, 17, 144, 'sms', '2017-08-05 17:48:32', 'pending'),
(782, 17, 145, 'sms', '2017-08-05 17:48:32', 'pending'),
(783, 17, 146, 'sms', '2017-08-05 17:48:32', 'pending'),
(784, 17, 147, 'sms', '2017-08-05 17:48:32', 'pending'),
(785, 17, 148, 'sms', '2017-08-05 17:48:32', 'pending'),
(786, 17, 149, 'sms', '2017-08-05 17:48:32', 'pending'),
(787, 17, 150, 'sms', '2017-08-05 17:48:32', 'pending'),
(788, 17, 151, 'sms', '2017-08-05 17:48:32', 'pending'),
(789, 17, 152, 'sms', '2017-08-05 17:48:32', 'pending'),
(790, 17, 153, 'sms', '2017-08-05 17:48:32', 'pending'),
(791, 17, 154, 'sms', '2017-08-05 17:48:32', 'pending'),
(792, 17, 156, 'sms', '2017-08-05 17:48:32', 'pending'),
(793, 17, 155, 'sms', '2017-08-05 17:48:32', 'pending'),
(794, 17, 157, 'sms', '2017-08-05 17:48:32', 'pending'),
(795, 17, 158, 'sms', '2017-08-05 17:48:32', 'pending'),
(796, 17, 159, 'sms', '2017-08-05 17:48:32', 'pending'),
(797, 17, 160, 'sms', '2017-08-05 17:48:32', 'pending'),
(798, 17, 161, 'sms', '2017-08-05 17:48:32', 'pending'),
(799, 17, 162, 'sms', '2017-08-05 17:48:32', 'pending'),
(800, 17, 163, 'sms', '2017-08-05 17:48:32', 'pending'),
(801, 17, 164, 'sms', '2017-08-05 17:48:32', 'pending'),
(802, 17, 165, 'sms', '2017-08-05 17:48:32', 'pending'),
(803, 17, 166, 'sms', '2017-08-05 17:48:32', 'pending'),
(804, 17, 167, 'sms', '2017-08-05 17:48:32', 'pending'),
(805, 17, 168, 'sms', '2017-08-05 17:48:32', 'pending'),
(806, 17, 169, 'sms', '2017-08-05 17:48:32', 'pending'),
(807, 17, 466, 'sms', '2017-08-05 17:48:32', 'pending'),
(808, 18, 4, 'sms', '2017-08-05 17:48:32', 'pending'),
(809, 18, 237, 'sms', '2017-08-05 17:48:32', 'pending'),
(810, 18, 6, 'sms', '2017-08-05 17:48:32', 'pending'),
(811, 18, 9, 'sms', '2017-08-05 17:48:32', 'pending'),
(812, 18, 11, 'sms', '2017-08-05 17:48:32', 'pending'),
(813, 18, 12, 'sms', '2017-08-05 17:48:32', 'pending'),
(814, 18, 13, 'sms', '2017-08-05 17:48:32', 'pending'),
(815, 18, 15, 'sms', '2017-08-05 17:48:32', 'pending'),
(816, 18, 17, 'sms', '2017-08-05 17:48:32', 'pending'),
(817, 18, 18, 'sms', '2017-08-05 17:48:32', 'pending'),
(818, 18, 19, 'sms', '2017-08-05 17:48:32', 'pending'),
(819, 18, 3, 'sms', '2017-08-05 17:48:32', 'pending'),
(820, 18, 20, 'sms', '2017-08-05 17:48:32', 'pending'),
(821, 18, 21, 'sms', '2017-08-05 17:48:32', 'pending'),
(822, 18, 22, 'sms', '2017-08-05 17:48:32', 'pending'),
(823, 18, 23, 'sms', '2017-08-05 17:48:32', 'pending'),
(824, 18, 24, 'sms', '2017-08-05 17:48:32', 'pending'),
(825, 18, 25, 'sms', '2017-08-05 17:48:32', 'pending'),
(826, 18, 26, 'sms', '2017-08-05 17:48:32', 'pending'),
(827, 18, 27, 'sms', '2017-08-05 17:48:32', 'pending'),
(828, 18, 28, 'sms', '2017-08-05 17:48:32', 'pending'),
(829, 18, 29, 'sms', '2017-08-05 17:48:32', 'pending'),
(830, 18, 30, 'sms', '2017-08-05 17:48:32', 'pending'),
(831, 18, 31, 'sms', '2017-08-05 17:48:32', 'pending'),
(832, 18, 32, 'sms', '2017-08-05 17:48:32', 'pending'),
(833, 18, 33, 'sms', '2017-08-05 17:48:32', 'pending'),
(834, 18, 34, 'sms', '2017-08-05 17:48:32', 'pending'),
(835, 18, 35, 'sms', '2017-08-05 17:48:32', 'pending'),
(836, 18, 36, 'sms', '2017-08-05 17:48:32', 'pending'),
(837, 18, 37, 'sms', '2017-08-05 17:48:32', 'pending'),
(838, 18, 38, 'sms', '2017-08-05 17:48:32', 'pending'),
(839, 18, 39, 'sms', '2017-08-05 17:48:32', 'pending'),
(840, 18, 40, 'sms', '2017-08-05 17:48:32', 'pending'),
(841, 18, 41, 'sms', '2017-08-05 17:48:32', 'pending'),
(842, 18, 42, 'sms', '2017-08-05 17:48:32', 'pending'),
(843, 18, 43, 'sms', '2017-08-05 17:48:32', 'pending'),
(844, 18, 44, 'sms', '2017-08-05 17:48:32', 'pending'),
(845, 18, 45, 'sms', '2017-08-05 17:48:32', 'pending'),
(846, 18, 46, 'sms', '2017-08-05 17:48:32', 'pending'),
(847, 18, 47, 'sms', '2017-08-05 17:48:32', 'pending'),
(848, 18, 48, 'sms', '2017-08-05 17:48:32', 'pending'),
(849, 18, 49, 'sms', '2017-08-05 17:48:32', 'pending'),
(850, 18, 50, 'sms', '2017-08-05 17:48:32', 'pending'),
(851, 18, 52, 'sms', '2017-08-05 17:48:32', 'pending'),
(852, 18, 53, 'sms', '2017-08-05 17:48:32', 'pending'),
(853, 18, 54, 'sms', '2017-08-05 17:48:32', 'pending'),
(854, 18, 55, 'sms', '2017-08-05 17:48:32', 'pending'),
(855, 18, 56, 'sms', '2017-08-05 17:48:32', 'pending'),
(856, 18, 57, 'sms', '2017-08-05 17:48:32', 'pending'),
(857, 18, 58, 'sms', '2017-08-05 17:48:32', 'pending'),
(858, 18, 59, 'sms', '2017-08-05 17:48:32', 'pending'),
(859, 18, 60, 'sms', '2017-08-05 17:48:32', 'pending'),
(860, 18, 61, 'sms', '2017-08-05 17:48:32', 'pending'),
(861, 18, 62, 'sms', '2017-08-05 17:48:32', 'pending'),
(862, 18, 63, 'sms', '2017-08-05 17:48:32', 'pending'),
(863, 18, 64, 'sms', '2017-08-05 17:48:32', 'pending'),
(864, 18, 65, 'sms', '2017-08-05 17:48:32', 'pending'),
(865, 18, 66, 'sms', '2017-08-05 17:48:32', 'pending'),
(866, 18, 67, 'sms', '2017-08-05 17:48:32', 'pending'),
(867, 18, 68, 'sms', '2017-08-05 17:48:32', 'pending'),
(868, 18, 69, 'sms', '2017-08-05 17:48:32', 'pending'),
(869, 18, 70, 'sms', '2017-08-05 17:48:32', 'pending'),
(870, 18, 71, 'sms', '2017-08-05 17:48:32', 'pending'),
(871, 18, 72, 'sms', '2017-08-05 17:48:32', 'pending'),
(872, 18, 73, 'sms', '2017-08-05 17:48:32', 'pending'),
(873, 18, 74, 'sms', '2017-08-05 17:48:32', 'pending'),
(874, 18, 75, 'sms', '2017-08-05 17:48:32', 'pending'),
(875, 18, 76, 'sms', '2017-08-05 17:48:32', 'pending'),
(876, 18, 77, 'sms', '2017-08-05 17:48:32', 'pending'),
(877, 18, 78, 'sms', '2017-08-05 17:48:32', 'pending'),
(878, 18, 79, 'sms', '2017-08-05 17:48:32', 'pending'),
(879, 18, 80, 'sms', '2017-08-05 17:48:32', 'pending'),
(880, 18, 81, 'sms', '2017-08-05 17:48:32', 'pending'),
(881, 18, 82, 'sms', '2017-08-05 17:48:32', 'pending'),
(882, 18, 83, 'sms', '2017-08-05 17:48:32', 'pending'),
(883, 18, 84, 'sms', '2017-08-05 17:48:32', 'pending'),
(884, 18, 85, 'sms', '2017-08-05 17:48:32', 'pending'),
(885, 18, 86, 'sms', '2017-08-05 17:48:32', 'pending'),
(886, 18, 87, 'sms', '2017-08-05 17:48:32', 'pending'),
(887, 18, 88, 'sms', '2017-08-05 17:48:32', 'pending'),
(888, 18, 89, 'sms', '2017-08-05 17:48:32', 'pending'),
(889, 18, 90, 'sms', '2017-08-05 17:48:32', 'pending'),
(890, 18, 91, 'sms', '2017-08-05 17:48:32', 'pending'),
(891, 18, 92, 'sms', '2017-08-05 17:48:32', 'pending'),
(892, 18, 93, 'sms', '2017-08-05 17:48:32', 'pending'),
(893, 18, 94, 'sms', '2017-08-05 17:48:32', 'pending'),
(894, 18, 95, 'sms', '2017-08-05 17:48:32', 'pending'),
(895, 18, 96, 'sms', '2017-08-05 17:48:32', 'pending'),
(896, 18, 97, 'sms', '2017-08-05 17:48:32', 'pending'),
(897, 18, 98, 'sms', '2017-08-05 17:48:32', 'pending'),
(898, 18, 99, 'sms', '2017-08-05 17:48:32', 'pending'),
(899, 18, 100, 'sms', '2017-08-05 17:48:32', 'pending'),
(900, 18, 101, 'sms', '2017-08-05 17:48:32', 'pending'),
(901, 18, 102, 'sms', '2017-08-05 17:48:32', 'pending'),
(902, 18, 103, 'sms', '2017-08-05 17:48:32', 'pending'),
(903, 18, 104, 'sms', '2017-08-05 17:48:32', 'pending'),
(904, 18, 105, 'sms', '2017-08-05 17:48:32', 'pending'),
(905, 18, 106, 'sms', '2017-08-05 17:48:32', 'pending'),
(906, 18, 107, 'sms', '2017-08-05 17:48:32', 'pending'),
(907, 18, 108, 'sms', '2017-08-05 17:48:32', 'pending'),
(908, 18, 109, 'sms', '2017-08-05 17:48:32', 'pending'),
(909, 18, 110, 'sms', '2017-08-05 17:48:32', 'pending'),
(910, 18, 111, 'sms', '2017-08-05 17:48:32', 'pending'),
(911, 18, 112, 'sms', '2017-08-05 17:48:32', 'pending'),
(912, 18, 113, 'sms', '2017-08-05 17:48:32', 'pending'),
(913, 18, 114, 'sms', '2017-08-05 17:48:32', 'pending'),
(914, 18, 115, 'sms', '2017-08-05 17:48:32', 'pending'),
(915, 18, 116, 'sms', '2017-08-05 17:48:32', 'pending'),
(916, 18, 117, 'sms', '2017-08-05 17:48:32', 'pending'),
(917, 18, 118, 'sms', '2017-08-05 17:48:32', 'pending');
INSERT INTO `mthreads` (`id`, `message`, `receiver`, `channel`, `time`, `status`) VALUES
(918, 18, 119, 'sms', '2017-08-05 17:48:32', 'pending'),
(919, 18, 120, 'sms', '2017-08-05 17:48:32', 'pending'),
(920, 18, 121, 'sms', '2017-08-05 17:48:32', 'pending'),
(921, 18, 122, 'sms', '2017-08-05 17:48:32', 'pending'),
(922, 18, 123, 'sms', '2017-08-05 17:48:32', 'pending'),
(923, 18, 124, 'sms', '2017-08-05 17:48:32', 'pending'),
(924, 18, 125, 'sms', '2017-08-05 17:48:32', 'pending'),
(925, 18, 126, 'sms', '2017-08-05 17:48:32', 'pending'),
(926, 18, 127, 'sms', '2017-08-05 17:48:32', 'pending'),
(927, 18, 128, 'sms', '2017-08-05 17:48:32', 'pending'),
(928, 18, 129, 'sms', '2017-08-05 17:48:32', 'pending'),
(929, 18, 130, 'sms', '2017-08-05 17:48:32', 'pending'),
(930, 18, 131, 'sms', '2017-08-05 17:48:32', 'pending'),
(931, 18, 132, 'sms', '2017-08-05 17:48:32', 'pending'),
(932, 18, 133, 'sms', '2017-08-05 17:48:32', 'pending'),
(933, 18, 134, 'sms', '2017-08-05 17:48:32', 'pending'),
(934, 18, 135, 'sms', '2017-08-05 17:48:32', 'pending'),
(935, 18, 136, 'sms', '2017-08-05 17:48:32', 'pending'),
(936, 18, 137, 'sms', '2017-08-05 17:48:32', 'pending'),
(937, 18, 138, 'sms', '2017-08-05 17:48:32', 'pending'),
(938, 18, 139, 'sms', '2017-08-05 17:48:32', 'pending'),
(939, 18, 140, 'sms', '2017-08-05 17:48:32', 'pending'),
(940, 18, 141, 'sms', '2017-08-05 17:48:32', 'pending'),
(941, 18, 142, 'sms', '2017-08-05 17:48:32', 'pending'),
(942, 18, 143, 'sms', '2017-08-05 17:48:32', 'pending'),
(943, 18, 144, 'sms', '2017-08-05 17:48:32', 'pending'),
(944, 18, 145, 'sms', '2017-08-05 17:48:32', 'pending'),
(945, 18, 146, 'sms', '2017-08-05 17:48:32', 'pending'),
(946, 18, 147, 'sms', '2017-08-05 17:48:32', 'pending'),
(947, 18, 148, 'sms', '2017-08-05 17:48:32', 'pending'),
(948, 18, 149, 'sms', '2017-08-05 17:48:32', 'pending'),
(949, 18, 150, 'sms', '2017-08-05 17:48:32', 'pending'),
(950, 18, 151, 'sms', '2017-08-05 17:48:32', 'pending'),
(951, 18, 152, 'sms', '2017-08-05 17:48:32', 'pending'),
(952, 18, 153, 'sms', '2017-08-05 17:48:32', 'pending'),
(953, 18, 154, 'sms', '2017-08-05 17:48:32', 'pending'),
(954, 18, 156, 'sms', '2017-08-05 17:48:32', 'pending'),
(955, 18, 155, 'sms', '2017-08-05 17:48:32', 'pending'),
(956, 18, 157, 'sms', '2017-08-05 17:48:32', 'pending'),
(957, 18, 158, 'sms', '2017-08-05 17:48:32', 'pending'),
(958, 18, 159, 'sms', '2017-08-05 17:48:32', 'pending'),
(959, 18, 160, 'sms', '2017-08-05 17:48:32', 'pending'),
(960, 18, 161, 'sms', '2017-08-05 17:48:32', 'pending'),
(961, 18, 162, 'sms', '2017-08-05 17:48:32', 'pending'),
(962, 18, 163, 'sms', '2017-08-05 17:48:32', 'pending'),
(963, 18, 164, 'sms', '2017-08-05 17:48:32', 'pending'),
(964, 18, 165, 'sms', '2017-08-05 17:48:32', 'pending'),
(965, 18, 166, 'sms', '2017-08-05 17:48:32', 'pending'),
(966, 18, 167, 'sms', '2017-08-05 17:48:32', 'pending'),
(967, 18, 168, 'sms', '2017-08-05 17:48:32', 'pending'),
(968, 18, 169, 'sms', '2017-08-05 17:48:32', 'pending'),
(969, 18, 466, 'sms', '2017-08-05 17:48:32', 'pending'),
(970, 19, 237, 'sms', '2017-08-05 17:48:32', 'pending'),
(971, 19, 240, 'sms', '2017-08-05 17:48:32', 'pending'),
(972, 19, 11, 'sms', '2017-08-05 17:48:32', 'pending'),
(973, 19, 12, 'sms', '2017-08-05 17:48:32', 'pending'),
(974, 20, 4, 'sms', '2017-08-05 17:48:32', 'pending'),
(975, 20, 6, 'sms', '2017-08-05 17:48:32', 'pending'),
(976, 20, 9, 'sms', '2017-08-05 17:48:32', 'pending'),
(977, 20, 11, 'sms', '2017-08-05 17:48:32', 'pending'),
(978, 20, 12, 'sms', '2017-08-05 17:48:32', 'pending'),
(979, 20, 13, 'sms', '2017-08-05 17:48:32', 'pending'),
(980, 20, 15, 'sms', '2017-08-05 17:48:32', 'pending'),
(981, 20, 17, 'sms', '2017-08-05 17:48:32', 'pending'),
(982, 20, 18, 'sms', '2017-08-05 17:48:32', 'pending'),
(983, 20, 19, 'sms', '2017-08-05 17:48:32', 'pending'),
(984, 20, 3, 'sms', '2017-08-05 17:48:32', 'pending'),
(985, 20, 20, 'sms', '2017-08-05 17:48:32', 'pending'),
(986, 20, 21, 'sms', '2017-08-05 17:48:32', 'pending'),
(987, 20, 22, 'sms', '2017-08-05 17:48:32', 'pending'),
(988, 20, 23, 'sms', '2017-08-05 17:48:32', 'pending'),
(989, 20, 24, 'sms', '2017-08-05 17:48:32', 'pending'),
(990, 20, 25, 'sms', '2017-08-05 17:48:32', 'pending'),
(991, 20, 26, 'sms', '2017-08-05 17:48:32', 'pending'),
(992, 20, 27, 'sms', '2017-08-05 17:48:32', 'pending'),
(993, 20, 28, 'sms', '2017-08-05 17:48:32', 'pending'),
(994, 20, 29, 'sms', '2017-08-05 17:48:32', 'pending'),
(995, 20, 30, 'sms', '2017-08-05 17:48:32', 'pending'),
(996, 20, 31, 'sms', '2017-08-05 17:48:32', 'pending'),
(997, 20, 32, 'sms', '2017-08-05 17:48:32', 'pending'),
(998, 20, 33, 'sms', '2017-08-05 17:48:32', 'pending'),
(999, 20, 34, 'sms', '2017-08-05 17:48:32', 'pending'),
(1000, 20, 35, 'sms', '2017-08-05 17:48:32', 'pending'),
(1001, 20, 36, 'sms', '2017-08-05 17:48:32', 'pending'),
(1002, 20, 37, 'sms', '2017-08-05 17:48:32', 'pending'),
(1003, 20, 38, 'sms', '2017-08-05 17:48:32', 'pending'),
(1004, 20, 39, 'sms', '2017-08-05 17:48:32', 'pending'),
(1005, 20, 40, 'sms', '2017-08-05 17:48:32', 'pending'),
(1006, 20, 41, 'sms', '2017-08-05 17:48:32', 'pending'),
(1007, 20, 42, 'sms', '2017-08-05 17:48:32', 'pending'),
(1008, 20, 43, 'sms', '2017-08-05 17:48:32', 'pending'),
(1009, 20, 44, 'sms', '2017-08-05 17:48:32', 'pending'),
(1010, 20, 45, 'sms', '2017-08-05 17:48:32', 'pending'),
(1011, 20, 46, 'sms', '2017-08-05 17:48:32', 'pending'),
(1012, 20, 47, 'sms', '2017-08-05 17:48:32', 'pending'),
(1013, 20, 48, 'sms', '2017-08-05 17:48:32', 'pending'),
(1014, 20, 49, 'sms', '2017-08-05 17:48:32', 'pending'),
(1015, 20, 50, 'sms', '2017-08-05 17:48:32', 'pending'),
(1016, 20, 52, 'sms', '2017-08-05 17:48:32', 'pending'),
(1017, 20, 53, 'sms', '2017-08-05 17:48:32', 'pending'),
(1018, 20, 54, 'sms', '2017-08-05 17:48:32', 'pending'),
(1019, 20, 55, 'sms', '2017-08-05 17:48:32', 'pending'),
(1020, 20, 56, 'sms', '2017-08-05 17:48:32', 'pending'),
(1021, 20, 57, 'sms', '2017-08-05 17:48:32', 'pending'),
(1022, 20, 58, 'sms', '2017-08-05 17:48:32', 'pending'),
(1023, 20, 59, 'sms', '2017-08-05 17:48:32', 'pending'),
(1024, 20, 60, 'sms', '2017-08-05 17:48:32', 'pending'),
(1025, 20, 61, 'sms', '2017-08-05 17:48:32', 'pending'),
(1026, 20, 62, 'sms', '2017-08-05 17:48:32', 'pending'),
(1027, 20, 63, 'sms', '2017-08-05 17:48:32', 'pending'),
(1028, 20, 64, 'sms', '2017-08-05 17:48:32', 'pending'),
(1029, 20, 65, 'sms', '2017-08-05 17:48:32', 'pending'),
(1030, 20, 66, 'sms', '2017-08-05 17:48:32', 'pending'),
(1031, 20, 67, 'sms', '2017-08-05 17:48:32', 'pending'),
(1032, 20, 68, 'sms', '2017-08-05 17:48:32', 'pending'),
(1033, 20, 69, 'sms', '2017-08-05 17:48:32', 'pending'),
(1034, 20, 70, 'sms', '2017-08-05 17:48:32', 'pending'),
(1035, 20, 71, 'sms', '2017-08-05 17:48:32', 'pending'),
(1036, 20, 72, 'sms', '2017-08-05 17:48:32', 'pending'),
(1037, 20, 73, 'sms', '2017-08-05 17:48:32', 'pending'),
(1038, 20, 74, 'sms', '2017-08-05 17:48:32', 'pending'),
(1039, 20, 75, 'sms', '2017-08-05 17:48:32', 'pending'),
(1040, 20, 76, 'sms', '2017-08-05 17:48:32', 'pending'),
(1041, 20, 77, 'sms', '2017-08-05 17:48:32', 'pending'),
(1042, 20, 78, 'sms', '2017-08-05 17:48:32', 'pending'),
(1043, 20, 79, 'sms', '2017-08-05 17:48:32', 'pending'),
(1044, 20, 80, 'sms', '2017-08-05 17:48:32', 'pending'),
(1045, 20, 81, 'sms', '2017-08-05 17:48:32', 'pending'),
(1046, 20, 82, 'sms', '2017-08-05 17:48:32', 'pending'),
(1047, 20, 83, 'sms', '2017-08-05 17:48:32', 'pending'),
(1048, 20, 84, 'sms', '2017-08-05 17:48:32', 'pending'),
(1049, 20, 85, 'sms', '2017-08-05 17:48:32', 'pending'),
(1050, 20, 86, 'sms', '2017-08-05 17:48:32', 'pending'),
(1051, 20, 87, 'sms', '2017-08-05 17:48:32', 'pending'),
(1052, 20, 88, 'sms', '2017-08-05 17:48:32', 'pending'),
(1053, 20, 89, 'sms', '2017-08-05 17:48:32', 'pending'),
(1054, 20, 90, 'sms', '2017-08-05 17:48:32', 'pending'),
(1055, 20, 91, 'sms', '2017-08-05 17:48:32', 'pending'),
(1056, 20, 92, 'sms', '2017-08-05 17:48:32', 'pending'),
(1057, 20, 93, 'sms', '2017-08-05 17:48:32', 'pending'),
(1058, 20, 94, 'sms', '2017-08-05 17:48:32', 'pending'),
(1059, 20, 95, 'sms', '2017-08-05 17:48:32', 'pending'),
(1060, 20, 96, 'sms', '2017-08-05 17:48:32', 'pending'),
(1061, 20, 97, 'sms', '2017-08-05 17:48:32', 'pending'),
(1062, 20, 98, 'sms', '2017-08-05 17:48:32', 'pending'),
(1063, 20, 99, 'sms', '2017-08-05 17:48:32', 'pending'),
(1064, 20, 100, 'sms', '2017-08-05 17:48:32', 'pending'),
(1065, 20, 101, 'sms', '2017-08-05 17:48:32', 'pending'),
(1066, 20, 102, 'sms', '2017-08-05 17:48:32', 'pending'),
(1067, 20, 103, 'sms', '2017-08-05 17:48:32', 'pending'),
(1068, 20, 104, 'sms', '2017-08-05 17:48:32', 'pending'),
(1069, 20, 105, 'sms', '2017-08-05 17:48:32', 'pending'),
(1070, 20, 106, 'sms', '2017-08-05 17:48:32', 'pending'),
(1071, 20, 107, 'sms', '2017-08-05 17:48:32', 'pending'),
(1072, 20, 108, 'sms', '2017-08-05 17:48:32', 'pending'),
(1073, 20, 109, 'sms', '2017-08-05 17:48:32', 'pending'),
(1074, 20, 110, 'sms', '2017-08-05 17:48:32', 'pending'),
(1075, 20, 111, 'sms', '2017-08-05 17:48:32', 'pending'),
(1076, 20, 112, 'sms', '2017-08-05 17:48:32', 'pending'),
(1077, 20, 113, 'sms', '2017-08-05 17:48:32', 'pending'),
(1078, 20, 114, 'sms', '2017-08-05 17:48:32', 'pending'),
(1079, 20, 115, 'sms', '2017-08-05 17:48:32', 'pending'),
(1080, 20, 116, 'sms', '2017-08-05 17:48:32', 'pending'),
(1081, 20, 117, 'sms', '2017-08-05 17:48:32', 'pending'),
(1082, 20, 118, 'sms', '2017-08-05 17:48:32', 'pending'),
(1083, 20, 119, 'sms', '2017-08-05 17:48:32', 'pending'),
(1084, 20, 120, 'sms', '2017-08-05 17:48:32', 'pending'),
(1085, 20, 121, 'sms', '2017-08-05 17:48:32', 'pending'),
(1086, 20, 122, 'sms', '2017-08-05 17:48:32', 'pending'),
(1087, 20, 123, 'sms', '2017-08-05 17:48:32', 'pending'),
(1088, 20, 124, 'sms', '2017-08-05 17:48:32', 'pending'),
(1089, 20, 125, 'sms', '2017-08-05 17:48:32', 'pending'),
(1090, 20, 126, 'sms', '2017-08-05 17:48:32', 'pending'),
(1091, 20, 127, 'sms', '2017-08-05 17:48:32', 'pending'),
(1092, 20, 128, 'sms', '2017-08-05 17:48:32', 'pending'),
(1093, 20, 129, 'sms', '2017-08-05 17:48:32', 'pending'),
(1094, 20, 130, 'sms', '2017-08-05 17:48:32', 'pending'),
(1095, 20, 131, 'sms', '2017-08-05 17:48:32', 'pending'),
(1096, 20, 132, 'sms', '2017-08-05 17:48:32', 'pending'),
(1097, 20, 133, 'sms', '2017-08-05 17:48:32', 'pending'),
(1098, 20, 134, 'sms', '2017-08-05 17:48:32', 'pending'),
(1099, 20, 135, 'sms', '2017-08-05 17:48:32', 'pending'),
(1100, 20, 136, 'sms', '2017-08-05 17:48:32', 'pending'),
(1101, 20, 137, 'sms', '2017-08-05 17:48:32', 'pending'),
(1102, 20, 138, 'sms', '2017-08-05 17:48:32', 'pending'),
(1103, 20, 139, 'sms', '2017-08-05 17:48:32', 'pending'),
(1104, 20, 140, 'sms', '2017-08-05 17:48:32', 'pending'),
(1105, 20, 141, 'sms', '2017-08-05 17:48:32', 'pending'),
(1106, 20, 142, 'sms', '2017-08-05 17:48:32', 'pending'),
(1107, 20, 143, 'sms', '2017-08-05 17:48:32', 'pending'),
(1108, 20, 144, 'sms', '2017-08-05 17:48:32', 'pending'),
(1109, 20, 145, 'sms', '2017-08-05 17:48:32', 'pending'),
(1110, 20, 146, 'sms', '2017-08-05 17:48:32', 'pending'),
(1111, 20, 147, 'sms', '2017-08-05 17:48:32', 'pending'),
(1112, 20, 148, 'sms', '2017-08-05 17:48:32', 'pending'),
(1113, 20, 149, 'sms', '2017-08-05 17:48:32', 'pending'),
(1114, 20, 150, 'sms', '2017-08-05 17:48:32', 'pending'),
(1115, 20, 151, 'sms', '2017-08-05 17:48:32', 'pending'),
(1116, 20, 152, 'sms', '2017-08-05 17:48:32', 'pending'),
(1117, 20, 153, 'sms', '2017-08-05 17:48:32', 'pending'),
(1118, 20, 154, 'sms', '2017-08-05 17:48:32', 'pending'),
(1119, 20, 156, 'sms', '2017-08-05 17:48:32', 'pending'),
(1120, 20, 155, 'sms', '2017-08-05 17:48:32', 'pending'),
(1121, 20, 157, 'sms', '2017-08-05 17:48:32', 'pending'),
(1122, 20, 158, 'sms', '2017-08-05 17:48:32', 'pending'),
(1123, 20, 159, 'sms', '2017-08-05 17:48:32', 'pending'),
(1124, 20, 160, 'sms', '2017-08-05 17:48:32', 'pending'),
(1125, 20, 161, 'sms', '2017-08-05 17:48:32', 'pending'),
(1126, 20, 162, 'sms', '2017-08-05 17:48:32', 'pending'),
(1127, 20, 163, 'sms', '2017-08-05 17:48:32', 'pending'),
(1128, 20, 164, 'sms', '2017-08-05 17:48:32', 'pending'),
(1129, 20, 165, 'sms', '2017-08-05 17:48:32', 'pending'),
(1130, 20, 166, 'sms', '2017-08-05 17:48:32', 'pending'),
(1131, 20, 167, 'sms', '2017-08-05 17:48:32', 'pending'),
(1132, 20, 168, 'sms', '2017-08-05 17:48:32', 'pending'),
(1133, 20, 169, 'sms', '2017-08-05 17:48:32', 'pending'),
(1134, 20, 466, 'sms', '2017-08-05 17:48:32', 'pending'),
(1135, 21, 4, 'sms', '2017-08-05 17:48:32', 'pending'),
(1136, 21, 6, 'sms', '2017-08-05 17:48:32', 'pending'),
(1137, 21, 9, 'sms', '2017-08-05 17:48:32', 'pending'),
(1138, 21, 11, 'sms', '2017-08-05 17:48:32', 'pending'),
(1139, 21, 12, 'sms', '2017-08-05 17:48:32', 'pending'),
(1140, 21, 13, 'sms', '2017-08-05 17:48:32', 'pending'),
(1141, 21, 15, 'sms', '2017-08-05 17:48:32', 'pending'),
(1142, 21, 17, 'sms', '2017-08-05 17:48:32', 'pending'),
(1143, 21, 18, 'sms', '2017-08-05 17:48:32', 'pending'),
(1144, 21, 19, 'sms', '2017-08-05 17:48:32', 'pending'),
(1145, 21, 3, 'sms', '2017-08-05 17:48:32', 'pending'),
(1146, 21, 20, 'sms', '2017-08-05 17:48:32', 'pending'),
(1147, 21, 21, 'sms', '2017-08-05 17:48:32', 'pending'),
(1148, 21, 22, 'sms', '2017-08-05 17:48:32', 'pending'),
(1149, 21, 23, 'sms', '2017-08-05 17:48:32', 'pending'),
(1150, 21, 24, 'sms', '2017-08-05 17:48:32', 'pending'),
(1151, 21, 25, 'sms', '2017-08-05 17:48:32', 'pending'),
(1152, 21, 26, 'sms', '2017-08-05 17:48:32', 'pending'),
(1153, 21, 27, 'sms', '2017-08-05 17:48:32', 'pending'),
(1154, 21, 28, 'sms', '2017-08-05 17:48:32', 'pending'),
(1155, 21, 29, 'sms', '2017-08-05 17:48:32', 'pending'),
(1156, 21, 30, 'sms', '2017-08-05 17:48:32', 'pending'),
(1157, 21, 31, 'sms', '2017-08-05 17:48:32', 'pending'),
(1158, 21, 32, 'sms', '2017-08-05 17:48:32', 'pending'),
(1159, 21, 33, 'sms', '2017-08-05 17:48:32', 'pending'),
(1160, 21, 34, 'sms', '2017-08-05 17:48:32', 'pending'),
(1161, 21, 35, 'sms', '2017-08-05 17:48:32', 'pending'),
(1162, 21, 36, 'sms', '2017-08-05 17:48:32', 'pending'),
(1163, 21, 37, 'sms', '2017-08-05 17:48:32', 'pending'),
(1164, 21, 38, 'sms', '2017-08-05 17:48:32', 'pending'),
(1165, 21, 39, 'sms', '2017-08-05 17:48:32', 'pending'),
(1166, 21, 40, 'sms', '2017-08-05 17:48:32', 'pending'),
(1167, 21, 41, 'sms', '2017-08-05 17:48:32', 'pending'),
(1168, 21, 42, 'sms', '2017-08-05 17:48:32', 'pending'),
(1169, 21, 43, 'sms', '2017-08-05 17:48:32', 'pending'),
(1170, 21, 44, 'sms', '2017-08-05 17:48:32', 'pending'),
(1171, 21, 45, 'sms', '2017-08-05 17:48:32', 'pending'),
(1172, 21, 46, 'sms', '2017-08-05 17:48:32', 'pending'),
(1173, 21, 47, 'sms', '2017-08-05 17:48:32', 'pending'),
(1174, 21, 48, 'sms', '2017-08-05 17:48:32', 'pending'),
(1175, 21, 49, 'sms', '2017-08-05 17:48:32', 'pending'),
(1176, 21, 50, 'sms', '2017-08-05 17:48:32', 'pending'),
(1177, 21, 52, 'sms', '2017-08-05 17:48:32', 'pending'),
(1178, 21, 53, 'sms', '2017-08-05 17:48:32', 'pending'),
(1179, 21, 54, 'sms', '2017-08-05 17:48:32', 'pending'),
(1180, 21, 55, 'sms', '2017-08-05 17:48:32', 'pending'),
(1181, 21, 56, 'sms', '2017-08-05 17:48:32', 'pending'),
(1182, 21, 57, 'sms', '2017-08-05 17:48:32', 'pending'),
(1183, 21, 58, 'sms', '2017-08-05 17:48:32', 'pending'),
(1184, 21, 59, 'sms', '2017-08-05 17:48:32', 'pending'),
(1185, 21, 60, 'sms', '2017-08-05 17:48:32', 'pending'),
(1186, 21, 61, 'sms', '2017-08-05 17:48:32', 'pending'),
(1187, 21, 62, 'sms', '2017-08-05 17:48:32', 'pending'),
(1188, 21, 63, 'sms', '2017-08-05 17:48:32', 'pending'),
(1189, 21, 64, 'sms', '2017-08-05 17:48:32', 'pending'),
(1190, 21, 65, 'sms', '2017-08-05 17:48:32', 'pending'),
(1191, 21, 66, 'sms', '2017-08-05 17:48:32', 'pending'),
(1192, 21, 67, 'sms', '2017-08-05 17:48:32', 'pending'),
(1193, 21, 68, 'sms', '2017-08-05 17:48:32', 'pending'),
(1194, 21, 69, 'sms', '2017-08-05 17:48:32', 'pending'),
(1195, 21, 70, 'sms', '2017-08-05 17:48:32', 'pending'),
(1196, 21, 71, 'sms', '2017-08-05 17:48:32', 'pending'),
(1197, 21, 72, 'sms', '2017-08-05 17:48:32', 'pending'),
(1198, 21, 73, 'sms', '2017-08-05 17:48:32', 'pending'),
(1199, 21, 74, 'sms', '2017-08-05 17:48:32', 'pending'),
(1200, 21, 75, 'sms', '2017-08-05 17:48:32', 'pending'),
(1201, 21, 76, 'sms', '2017-08-05 17:48:32', 'pending'),
(1202, 21, 77, 'sms', '2017-08-05 17:48:32', 'pending'),
(1203, 21, 78, 'sms', '2017-08-05 17:48:32', 'pending'),
(1204, 21, 79, 'sms', '2017-08-05 17:48:32', 'pending'),
(1205, 21, 80, 'sms', '2017-08-05 17:48:32', 'pending'),
(1206, 21, 81, 'sms', '2017-08-05 17:48:32', 'pending'),
(1207, 21, 82, 'sms', '2017-08-05 17:48:32', 'pending'),
(1208, 21, 83, 'sms', '2017-08-05 17:48:32', 'pending'),
(1209, 21, 84, 'sms', '2017-08-05 17:48:32', 'pending'),
(1210, 21, 85, 'sms', '2017-08-05 17:48:32', 'pending'),
(1211, 21, 86, 'sms', '2017-08-05 17:48:32', 'pending'),
(1212, 21, 87, 'sms', '2017-08-05 17:48:32', 'pending'),
(1213, 21, 88, 'sms', '2017-08-05 17:48:32', 'pending'),
(1214, 21, 89, 'sms', '2017-08-05 17:48:32', 'pending'),
(1215, 21, 90, 'sms', '2017-08-05 17:48:32', 'pending'),
(1216, 21, 91, 'sms', '2017-08-05 17:48:32', 'pending'),
(1217, 21, 92, 'sms', '2017-08-05 17:48:32', 'pending'),
(1218, 21, 93, 'sms', '2017-08-05 17:48:32', 'pending'),
(1219, 21, 94, 'sms', '2017-08-05 17:48:32', 'pending'),
(1220, 21, 95, 'sms', '2017-08-05 17:48:32', 'pending'),
(1221, 21, 96, 'sms', '2017-08-05 17:48:32', 'pending'),
(1222, 21, 97, 'sms', '2017-08-05 17:48:32', 'pending'),
(1223, 21, 98, 'sms', '2017-08-05 17:48:32', 'pending'),
(1224, 21, 99, 'sms', '2017-08-05 17:48:32', 'pending'),
(1225, 21, 100, 'sms', '2017-08-05 17:48:32', 'pending'),
(1226, 21, 101, 'sms', '2017-08-05 17:48:32', 'pending'),
(1227, 21, 102, 'sms', '2017-08-05 17:48:32', 'pending'),
(1228, 21, 103, 'sms', '2017-08-05 17:48:32', 'pending'),
(1229, 21, 104, 'sms', '2017-08-05 17:48:32', 'pending'),
(1230, 21, 105, 'sms', '2017-08-05 17:48:32', 'pending'),
(1231, 21, 106, 'sms', '2017-08-05 17:48:32', 'pending'),
(1232, 21, 107, 'sms', '2017-08-05 17:48:32', 'pending'),
(1233, 21, 108, 'sms', '2017-08-05 17:48:32', 'pending'),
(1234, 21, 109, 'sms', '2017-08-05 17:48:32', 'pending'),
(1235, 21, 110, 'sms', '2017-08-05 17:48:32', 'pending'),
(1236, 21, 111, 'sms', '2017-08-05 17:48:32', 'pending'),
(1237, 21, 112, 'sms', '2017-08-05 17:48:32', 'pending'),
(1238, 21, 113, 'sms', '2017-08-05 17:48:32', 'pending'),
(1239, 21, 114, 'sms', '2017-08-05 17:48:32', 'pending'),
(1240, 21, 115, 'sms', '2017-08-05 17:48:32', 'pending'),
(1241, 21, 116, 'sms', '2017-08-05 17:48:32', 'pending'),
(1242, 21, 117, 'sms', '2017-08-05 17:48:32', 'pending'),
(1243, 21, 118, 'sms', '2017-08-05 17:48:32', 'pending'),
(1244, 21, 119, 'sms', '2017-08-05 17:48:32', 'pending'),
(1245, 21, 120, 'sms', '2017-08-05 17:48:32', 'pending'),
(1246, 21, 121, 'sms', '2017-08-05 17:48:32', 'pending'),
(1247, 21, 122, 'sms', '2017-08-05 17:48:32', 'pending'),
(1248, 21, 123, 'sms', '2017-08-05 17:48:32', 'pending'),
(1249, 21, 124, 'sms', '2017-08-05 17:48:32', 'pending'),
(1250, 21, 125, 'sms', '2017-08-05 17:48:32', 'pending'),
(1251, 21, 126, 'sms', '2017-08-05 17:48:32', 'pending'),
(1252, 21, 127, 'sms', '2017-08-05 17:48:32', 'pending'),
(1253, 21, 128, 'sms', '2017-08-05 17:48:32', 'pending'),
(1254, 21, 129, 'sms', '2017-08-05 17:48:32', 'pending'),
(1255, 21, 130, 'sms', '2017-08-05 17:48:32', 'pending'),
(1256, 21, 131, 'sms', '2017-08-05 17:48:32', 'pending'),
(1257, 21, 132, 'sms', '2017-08-05 17:48:32', 'pending'),
(1258, 21, 133, 'sms', '2017-08-05 17:48:32', 'pending'),
(1259, 21, 134, 'sms', '2017-08-05 17:48:32', 'pending'),
(1260, 21, 135, 'sms', '2017-08-05 17:48:32', 'pending'),
(1261, 21, 136, 'sms', '2017-08-05 17:48:32', 'pending'),
(1262, 21, 137, 'sms', '2017-08-05 17:48:32', 'pending'),
(1263, 21, 138, 'sms', '2017-08-05 17:48:32', 'pending'),
(1264, 21, 139, 'sms', '2017-08-05 17:48:32', 'pending'),
(1265, 21, 140, 'sms', '2017-08-05 17:48:32', 'pending'),
(1266, 21, 141, 'sms', '2017-08-05 17:48:32', 'pending'),
(1267, 21, 142, 'sms', '2017-08-05 17:48:32', 'pending'),
(1268, 21, 143, 'sms', '2017-08-05 17:48:32', 'pending'),
(1269, 21, 144, 'sms', '2017-08-05 17:48:32', 'pending'),
(1270, 21, 145, 'sms', '2017-08-05 17:48:32', 'pending'),
(1271, 21, 146, 'sms', '2017-08-05 17:48:32', 'pending'),
(1272, 21, 147, 'sms', '2017-08-05 17:48:32', 'pending'),
(1273, 21, 148, 'sms', '2017-08-05 17:48:32', 'pending'),
(1274, 21, 149, 'sms', '2017-08-05 17:48:32', 'pending'),
(1275, 21, 150, 'sms', '2017-08-05 17:48:32', 'pending'),
(1276, 21, 151, 'sms', '2017-08-05 17:48:32', 'pending'),
(1277, 21, 152, 'sms', '2017-08-05 17:48:32', 'pending'),
(1278, 21, 153, 'sms', '2017-08-05 17:48:32', 'pending'),
(1279, 21, 154, 'sms', '2017-08-05 17:48:32', 'pending'),
(1280, 21, 156, 'sms', '2017-08-05 17:48:32', 'pending'),
(1281, 21, 155, 'sms', '2017-08-05 17:48:32', 'pending'),
(1282, 21, 157, 'sms', '2017-08-05 17:48:32', 'pending'),
(1283, 21, 158, 'sms', '2017-08-05 17:48:32', 'pending'),
(1284, 21, 159, 'sms', '2017-08-05 17:48:32', 'pending'),
(1285, 21, 160, 'sms', '2017-08-05 17:48:32', 'pending'),
(1286, 21, 161, 'sms', '2017-08-05 17:48:32', 'pending'),
(1287, 21, 162, 'sms', '2017-08-05 17:48:32', 'pending'),
(1288, 21, 163, 'sms', '2017-08-05 17:48:32', 'pending'),
(1289, 21, 164, 'sms', '2017-08-05 17:48:32', 'pending'),
(1290, 21, 165, 'sms', '2017-08-05 17:48:32', 'pending'),
(1291, 21, 166, 'sms', '2017-08-05 17:48:32', 'pending'),
(1292, 21, 167, 'sms', '2017-08-05 17:48:32', 'pending'),
(1293, 21, 168, 'sms', '2017-08-05 17:48:32', 'pending'),
(1294, 21, 169, 'sms', '2017-08-05 17:48:32', 'pending'),
(1295, 21, 466, 'sms', '2017-08-05 17:48:32', 'pending'),
(1296, 22, 4, 'sms', '2017-08-05 17:48:32', 'pending'),
(1297, 22, 6, 'sms', '2017-08-05 17:48:32', 'pending'),
(1298, 22, 9, 'sms', '2017-08-05 17:48:32', 'pending'),
(1299, 22, 11, 'sms', '2017-08-05 17:48:32', 'pending'),
(1300, 22, 12, 'sms', '2017-08-05 17:48:32', 'pending'),
(1301, 22, 13, 'sms', '2017-08-05 17:48:32', 'pending'),
(1302, 22, 15, 'sms', '2017-08-05 17:48:32', 'pending'),
(1303, 22, 17, 'sms', '2017-08-05 17:48:32', 'pending'),
(1304, 22, 18, 'sms', '2017-08-05 17:48:32', 'pending'),
(1305, 22, 19, 'sms', '2017-08-05 17:48:32', 'pending'),
(1306, 22, 3, 'sms', '2017-08-05 17:48:32', 'pending'),
(1307, 22, 20, 'sms', '2017-08-05 17:48:32', 'pending'),
(1308, 22, 21, 'sms', '2017-08-05 17:48:32', 'pending'),
(1309, 22, 22, 'sms', '2017-08-05 17:48:32', 'pending'),
(1310, 22, 23, 'sms', '2017-08-05 17:48:32', 'pending'),
(1311, 22, 24, 'sms', '2017-08-05 17:48:32', 'pending'),
(1312, 22, 25, 'sms', '2017-08-05 17:48:32', 'pending'),
(1313, 22, 26, 'sms', '2017-08-05 17:48:32', 'pending'),
(1314, 22, 27, 'sms', '2017-08-05 17:48:32', 'pending'),
(1315, 22, 28, 'sms', '2017-08-05 17:48:32', 'pending'),
(1316, 22, 29, 'sms', '2017-08-05 17:48:32', 'pending'),
(1317, 22, 30, 'sms', '2017-08-05 17:48:32', 'pending'),
(1318, 22, 31, 'sms', '2017-08-05 17:48:32', 'pending'),
(1319, 22, 32, 'sms', '2017-08-05 17:48:32', 'pending'),
(1320, 22, 33, 'sms', '2017-08-05 17:48:32', 'pending'),
(1321, 22, 34, 'sms', '2017-08-05 17:48:32', 'pending'),
(1322, 22, 35, 'sms', '2017-08-05 17:48:32', 'pending'),
(1323, 22, 36, 'sms', '2017-08-05 17:48:32', 'pending'),
(1324, 22, 37, 'sms', '2017-08-05 17:48:32', 'pending'),
(1325, 22, 38, 'sms', '2017-08-05 17:48:32', 'pending'),
(1326, 22, 39, 'sms', '2017-08-05 17:48:32', 'pending'),
(1327, 22, 40, 'sms', '2017-08-05 17:48:32', 'pending'),
(1328, 22, 41, 'sms', '2017-08-05 17:48:32', 'pending'),
(1329, 22, 42, 'sms', '2017-08-05 17:48:32', 'pending'),
(1330, 22, 43, 'sms', '2017-08-05 17:48:32', 'pending'),
(1331, 22, 44, 'sms', '2017-08-05 17:48:32', 'pending'),
(1332, 22, 45, 'sms', '2017-08-05 17:48:32', 'pending'),
(1333, 22, 46, 'sms', '2017-08-05 17:48:32', 'pending'),
(1334, 22, 47, 'sms', '2017-08-05 17:48:32', 'pending'),
(1335, 22, 48, 'sms', '2017-08-05 17:48:32', 'pending'),
(1336, 22, 49, 'sms', '2017-08-05 17:48:32', 'pending'),
(1337, 22, 50, 'sms', '2017-08-05 17:48:32', 'pending'),
(1338, 22, 52, 'sms', '2017-08-05 17:48:32', 'pending'),
(1339, 22, 53, 'sms', '2017-08-05 17:48:32', 'pending'),
(1340, 22, 54, 'sms', '2017-08-05 17:48:32', 'pending'),
(1341, 22, 55, 'sms', '2017-08-05 17:48:32', 'pending'),
(1342, 22, 56, 'sms', '2017-08-05 17:48:32', 'pending'),
(1343, 22, 57, 'sms', '2017-08-05 17:48:32', 'pending'),
(1344, 22, 58, 'sms', '2017-08-05 17:48:32', 'pending'),
(1345, 22, 59, 'sms', '2017-08-05 17:48:32', 'pending'),
(1346, 22, 60, 'sms', '2017-08-05 17:48:32', 'pending'),
(1347, 22, 61, 'sms', '2017-08-05 17:48:32', 'pending'),
(1348, 22, 62, 'sms', '2017-08-05 17:48:32', 'pending'),
(1349, 22, 63, 'sms', '2017-08-05 17:48:32', 'pending'),
(1350, 22, 64, 'sms', '2017-08-05 17:48:32', 'pending'),
(1351, 22, 65, 'sms', '2017-08-05 17:48:32', 'pending'),
(1352, 22, 66, 'sms', '2017-08-05 17:48:32', 'pending'),
(1353, 22, 67, 'sms', '2017-08-05 17:48:32', 'pending'),
(1354, 22, 68, 'sms', '2017-08-05 17:48:32', 'pending'),
(1355, 22, 69, 'sms', '2017-08-05 17:48:32', 'pending'),
(1356, 22, 70, 'sms', '2017-08-05 17:48:32', 'pending'),
(1357, 22, 71, 'sms', '2017-08-05 17:48:32', 'pending'),
(1358, 22, 72, 'sms', '2017-08-05 17:48:32', 'pending'),
(1359, 22, 73, 'sms', '2017-08-05 17:48:32', 'pending'),
(1360, 22, 74, 'sms', '2017-08-05 17:48:32', 'pending'),
(1361, 22, 75, 'sms', '2017-08-05 17:48:32', 'pending'),
(1362, 22, 76, 'sms', '2017-08-05 17:48:32', 'pending'),
(1363, 22, 77, 'sms', '2017-08-05 17:48:32', 'pending'),
(1364, 22, 78, 'sms', '2017-08-05 17:48:32', 'pending'),
(1365, 22, 79, 'sms', '2017-08-05 17:48:32', 'pending'),
(1366, 22, 80, 'sms', '2017-08-05 17:48:32', 'pending'),
(1367, 22, 81, 'sms', '2017-08-05 17:48:32', 'pending'),
(1368, 22, 82, 'sms', '2017-08-05 17:48:32', 'pending'),
(1369, 22, 83, 'sms', '2017-08-05 17:48:32', 'pending'),
(1370, 22, 84, 'sms', '2017-08-05 17:48:32', 'pending'),
(1371, 22, 85, 'sms', '2017-08-05 17:48:32', 'pending'),
(1372, 22, 86, 'sms', '2017-08-05 17:48:32', 'pending'),
(1373, 22, 87, 'sms', '2017-08-05 17:48:32', 'pending'),
(1374, 22, 88, 'sms', '2017-08-05 17:48:32', 'pending'),
(1375, 22, 89, 'sms', '2017-08-05 17:48:32', 'pending'),
(1376, 22, 90, 'sms', '2017-08-05 17:48:32', 'pending'),
(1377, 22, 91, 'sms', '2017-08-05 17:48:32', 'pending'),
(1378, 22, 92, 'sms', '2017-08-05 17:48:32', 'pending'),
(1379, 22, 93, 'sms', '2017-08-05 17:48:32', 'pending'),
(1380, 22, 94, 'sms', '2017-08-05 17:48:32', 'pending'),
(1381, 22, 95, 'sms', '2017-08-05 17:48:32', 'pending'),
(1382, 22, 96, 'sms', '2017-08-05 17:48:32', 'pending'),
(1383, 22, 97, 'sms', '2017-08-05 17:48:32', 'pending'),
(1384, 22, 98, 'sms', '2017-08-05 17:48:32', 'pending'),
(1385, 22, 99, 'sms', '2017-08-05 17:48:32', 'pending'),
(1386, 22, 100, 'sms', '2017-08-05 17:48:32', 'pending'),
(1387, 22, 101, 'sms', '2017-08-05 17:48:32', 'pending'),
(1388, 22, 102, 'sms', '2017-08-05 17:48:32', 'pending'),
(1389, 22, 103, 'sms', '2017-08-05 17:48:32', 'pending'),
(1390, 22, 104, 'sms', '2017-08-05 17:48:32', 'pending'),
(1391, 22, 105, 'sms', '2017-08-05 17:48:32', 'pending'),
(1392, 22, 106, 'sms', '2017-08-05 17:48:32', 'pending'),
(1393, 22, 107, 'sms', '2017-08-05 17:48:32', 'pending'),
(1394, 22, 108, 'sms', '2017-08-05 17:48:32', 'pending'),
(1395, 22, 109, 'sms', '2017-08-05 17:48:32', 'pending'),
(1396, 22, 110, 'sms', '2017-08-05 17:48:32', 'pending'),
(1397, 22, 111, 'sms', '2017-08-05 17:48:32', 'pending'),
(1398, 22, 112, 'sms', '2017-08-05 17:48:32', 'pending'),
(1399, 22, 113, 'sms', '2017-08-05 17:48:32', 'pending'),
(1400, 22, 114, 'sms', '2017-08-05 17:48:32', 'pending'),
(1401, 22, 115, 'sms', '2017-08-05 17:48:32', 'pending'),
(1402, 22, 116, 'sms', '2017-08-05 17:48:32', 'pending'),
(1403, 22, 117, 'sms', '2017-08-05 17:48:32', 'pending'),
(1404, 22, 118, 'sms', '2017-08-05 17:48:32', 'pending'),
(1405, 22, 119, 'sms', '2017-08-05 17:48:32', 'pending'),
(1406, 22, 120, 'sms', '2017-08-05 17:48:32', 'pending'),
(1407, 22, 121, 'sms', '2017-08-05 17:48:32', 'pending'),
(1408, 22, 122, 'sms', '2017-08-05 17:48:32', 'pending'),
(1409, 22, 123, 'sms', '2017-08-05 17:48:32', 'pending'),
(1410, 22, 124, 'sms', '2017-08-05 17:48:32', 'pending'),
(1411, 22, 125, 'sms', '2017-08-05 17:48:32', 'pending'),
(1412, 22, 126, 'sms', '2017-08-05 17:48:32', 'pending'),
(1413, 22, 127, 'sms', '2017-08-05 17:48:32', 'pending'),
(1414, 22, 128, 'sms', '2017-08-05 17:48:32', 'pending'),
(1415, 22, 129, 'sms', '2017-08-05 17:48:32', 'pending'),
(1416, 22, 130, 'sms', '2017-08-05 17:48:32', 'pending'),
(1417, 22, 131, 'sms', '2017-08-05 17:48:32', 'pending'),
(1418, 22, 132, 'sms', '2017-08-05 17:48:32', 'pending'),
(1419, 22, 133, 'sms', '2017-08-05 17:48:32', 'pending'),
(1420, 22, 134, 'sms', '2017-08-05 17:48:32', 'pending'),
(1421, 22, 135, 'sms', '2017-08-05 17:48:32', 'pending'),
(1422, 22, 136, 'sms', '2017-08-05 17:48:32', 'pending'),
(1423, 22, 137, 'sms', '2017-08-05 17:48:32', 'pending'),
(1424, 22, 138, 'sms', '2017-08-05 17:48:32', 'pending'),
(1425, 22, 139, 'sms', '2017-08-05 17:48:32', 'pending'),
(1426, 22, 140, 'sms', '2017-08-05 17:48:32', 'pending'),
(1427, 22, 141, 'sms', '2017-08-05 17:48:32', 'pending'),
(1428, 22, 142, 'sms', '2017-08-05 17:48:32', 'pending'),
(1429, 22, 143, 'sms', '2017-08-05 17:48:32', 'pending'),
(1430, 22, 144, 'sms', '2017-08-05 17:48:32', 'pending'),
(1431, 22, 145, 'sms', '2017-08-05 17:48:32', 'pending'),
(1432, 22, 146, 'sms', '2017-08-05 17:48:32', 'pending'),
(1433, 22, 147, 'sms', '2017-08-05 17:48:32', 'pending'),
(1434, 22, 148, 'sms', '2017-08-05 17:48:32', 'pending'),
(1435, 22, 149, 'sms', '2017-08-05 17:48:32', 'pending'),
(1436, 22, 150, 'sms', '2017-08-05 17:48:32', 'pending'),
(1437, 22, 151, 'sms', '2017-08-05 17:48:32', 'pending'),
(1438, 22, 152, 'sms', '2017-08-05 17:48:32', 'pending'),
(1439, 22, 153, 'sms', '2017-08-05 17:48:32', 'pending'),
(1440, 22, 154, 'sms', '2017-08-05 17:48:32', 'pending'),
(1441, 22, 156, 'sms', '2017-08-05 17:48:32', 'pending'),
(1442, 22, 155, 'sms', '2017-08-05 17:48:32', 'pending'),
(1443, 22, 157, 'sms', '2017-08-05 17:48:32', 'pending'),
(1444, 22, 158, 'sms', '2017-08-05 17:48:32', 'pending'),
(1445, 22, 159, 'sms', '2017-08-05 17:48:32', 'pending'),
(1446, 22, 160, 'sms', '2017-08-05 17:48:32', 'pending'),
(1447, 22, 161, 'sms', '2017-08-05 17:48:32', 'pending'),
(1448, 22, 162, 'sms', '2017-08-05 17:48:32', 'pending'),
(1449, 22, 163, 'sms', '2017-08-05 17:48:32', 'pending'),
(1450, 22, 164, 'sms', '2017-08-05 17:48:32', 'pending'),
(1451, 22, 165, 'sms', '2017-08-05 17:48:32', 'pending'),
(1452, 22, 166, 'sms', '2017-08-05 17:48:32', 'pending'),
(1453, 22, 167, 'sms', '2017-08-05 17:48:32', 'pending'),
(1454, 22, 168, 'sms', '2017-08-05 17:48:32', 'pending'),
(1455, 22, 169, 'sms', '2017-08-05 17:48:32', 'pending'),
(1456, 22, 466, 'sms', '2017-08-05 17:48:32', 'pending'),
(1457, 23, 0, 'sms', '2017-08-05 17:48:32', 'pending'),
(1458, 24, 469, 'sms', '2017-08-05 17:48:32', 'pending'),
(1459, 24, 237, 'sms', '2017-08-05 17:48:32', 'pending'),
(1460, 25, 469, 'sms', '2017-08-05 17:48:32', 'pending'),
(1461, 25, 237, 'sms', '2017-08-05 17:48:32', 'pending'),
(1462, 26, 469, 'sms', '2017-08-05 17:48:32', 'pending'),
(1463, 26, 237, 'sms', '2017-08-05 17:48:32', 'pending'),
(1464, 27, 469, 'sms', '2017-08-05 17:48:32', 'pending'),
(1465, 27, 237, 'sms', '2017-08-05 17:48:32', 'pending'),
(1466, 28, 0, 'sms', '2017-08-05 17:48:32', 'pending'),
(1467, 29, 6, 'sms', '2017-08-05 17:48:32', 'pending'),
(1468, 30, 6, 'sms', '2017-08-05 17:48:32', 'pending'),
(1469, 31, 6, 'sms', '2017-08-05 17:48:32', 'pending'),
(1470, 32, 6, 'sms', '2017-08-05 17:48:32', 'pending'),
(1471, 33, 4, 'sms', '2017-08-05 17:48:32', 'pending'),
(1472, 33, 237, 'sms', '2017-08-05 17:48:32', 'pending'),
(1473, 33, 6, 'sms', '2017-08-05 17:48:32', 'pending'),
(1474, 33, 239, 'sms', '2017-08-05 17:48:32', 'pending'),
(1475, 33, 240, 'sms', '2017-08-05 17:48:32', 'pending'),
(1476, 33, 9, 'sms', '2017-08-05 17:48:32', 'pending'),
(1477, 33, 242, 'sms', '2017-08-05 17:48:32', 'pending'),
(1478, 33, 11, 'sms', '2017-08-05 17:48:32', 'pending'),
(1479, 33, 244, 'sms', '2017-08-05 17:48:32', 'pending'),
(1480, 33, 12, 'sms', '2017-08-05 17:48:32', 'pending'),
(1481, 33, 13, 'sms', '2017-08-05 17:48:32', 'pending'),
(1482, 33, 246, 'sms', '2017-08-05 17:48:32', 'pending'),
(1483, 33, 15, 'sms', '2017-08-05 17:48:32', 'pending'),
(1484, 33, 248, 'sms', '2017-08-05 17:48:32', 'pending'),
(1485, 33, 2, 'sms', '2017-08-05 17:48:32', 'pending'),
(1486, 33, 17, 'sms', '2017-08-05 17:48:32', 'pending'),
(1487, 33, 18, 'sms', '2017-08-05 17:48:32', 'pending'),
(1488, 33, 250, 'sms', '2017-08-05 17:48:32', 'pending'),
(1489, 33, 19, 'sms', '2017-08-05 17:48:32', 'pending'),
(1490, 33, 251, 'sms', '2017-08-05 17:48:32', 'pending'),
(1491, 33, 3, 'sms', '2017-08-05 17:48:32', 'pending'),
(1492, 33, 20, 'sms', '2017-08-05 17:48:32', 'pending'),
(1493, 33, 252, 'sms', '2017-08-05 17:48:32', 'pending'),
(1494, 33, 21, 'sms', '2017-08-05 17:48:32', 'pending'),
(1495, 33, 253, 'sms', '2017-08-05 17:48:32', 'pending'),
(1496, 33, 22, 'sms', '2017-08-05 17:48:32', 'pending'),
(1497, 33, 254, 'sms', '2017-08-05 17:48:32', 'pending'),
(1498, 33, 255, 'sms', '2017-08-05 17:48:32', 'pending'),
(1499, 33, 23, 'sms', '2017-08-05 17:48:32', 'pending'),
(1500, 33, 24, 'sms', '2017-08-05 17:48:32', 'pending'),
(1501, 33, 256, 'sms', '2017-08-05 17:48:32', 'pending'),
(1502, 33, 25, 'sms', '2017-08-05 17:48:32', 'pending'),
(1503, 33, 257, 'sms', '2017-08-05 17:48:32', 'pending'),
(1504, 33, 26, 'sms', '2017-08-05 17:48:32', 'pending'),
(1505, 33, 258, 'sms', '2017-08-05 17:48:32', 'pending'),
(1506, 33, 27, 'sms', '2017-08-05 17:48:32', 'pending'),
(1507, 33, 259, 'sms', '2017-08-05 17:48:32', 'pending'),
(1508, 33, 28, 'sms', '2017-08-05 17:48:32', 'pending'),
(1509, 33, 260, 'sms', '2017-08-05 17:48:32', 'pending'),
(1510, 33, 29, 'sms', '2017-08-05 17:48:32', 'pending'),
(1511, 33, 261, 'sms', '2017-08-05 17:48:32', 'pending'),
(1512, 33, 30, 'sms', '2017-08-05 17:48:32', 'pending'),
(1513, 33, 262, 'sms', '2017-08-05 17:48:32', 'pending'),
(1514, 33, 31, 'sms', '2017-08-05 17:48:32', 'pending'),
(1515, 33, 263, 'sms', '2017-08-05 17:48:32', 'pending'),
(1516, 33, 32, 'sms', '2017-08-05 17:48:32', 'pending'),
(1517, 33, 264, 'sms', '2017-08-05 17:48:32', 'pending'),
(1518, 33, 33, 'sms', '2017-08-05 17:48:32', 'pending'),
(1519, 33, 265, 'sms', '2017-08-05 17:48:32', 'pending'),
(1520, 33, 34, 'sms', '2017-08-05 17:48:32', 'pending'),
(1521, 33, 266, 'sms', '2017-08-05 17:48:32', 'pending'),
(1522, 33, 35, 'sms', '2017-08-05 17:48:32', 'pending'),
(1523, 33, 267, 'sms', '2017-08-05 17:48:32', 'pending'),
(1524, 33, 36, 'sms', '2017-08-05 17:48:32', 'pending'),
(1525, 33, 268, 'sms', '2017-08-05 17:48:32', 'pending'),
(1526, 33, 37, 'sms', '2017-08-05 17:48:32', 'pending'),
(1527, 33, 269, 'sms', '2017-08-05 17:48:32', 'pending'),
(1528, 33, 38, 'sms', '2017-08-05 17:48:32', 'pending'),
(1529, 33, 270, 'sms', '2017-08-05 17:48:32', 'pending'),
(1530, 33, 39, 'sms', '2017-08-05 17:48:32', 'pending'),
(1531, 33, 271, 'sms', '2017-08-05 17:48:32', 'pending'),
(1532, 33, 40, 'sms', '2017-08-05 17:48:32', 'pending'),
(1533, 33, 272, 'sms', '2017-08-05 17:48:32', 'pending'),
(1534, 33, 41, 'sms', '2017-08-05 17:48:32', 'pending'),
(1535, 33, 273, 'sms', '2017-08-05 17:48:32', 'pending'),
(1536, 33, 274, 'sms', '2017-08-05 17:48:32', 'pending'),
(1537, 33, 42, 'sms', '2017-08-05 17:48:32', 'pending'),
(1538, 33, 43, 'sms', '2017-08-05 17:48:32', 'pending'),
(1539, 33, 275, 'sms', '2017-08-05 17:48:32', 'pending'),
(1540, 33, 44, 'sms', '2017-08-05 17:48:32', 'pending'),
(1541, 33, 276, 'sms', '2017-08-05 17:48:32', 'pending'),
(1542, 33, 45, 'sms', '2017-08-05 17:48:32', 'pending'),
(1543, 33, 277, 'sms', '2017-08-05 17:48:32', 'pending'),
(1544, 33, 46, 'sms', '2017-08-05 17:48:32', 'pending'),
(1545, 33, 278, 'sms', '2017-08-05 17:48:32', 'pending'),
(1546, 33, 47, 'sms', '2017-08-05 17:48:32', 'pending'),
(1547, 33, 279, 'sms', '2017-08-05 17:48:32', 'pending'),
(1548, 33, 48, 'sms', '2017-08-05 17:48:32', 'pending'),
(1549, 33, 280, 'sms', '2017-08-05 17:48:32', 'pending'),
(1550, 33, 281, 'sms', '2017-08-05 17:48:32', 'pending'),
(1551, 33, 49, 'sms', '2017-08-05 17:48:32', 'pending'),
(1552, 33, 468, 'sms', '2017-08-05 17:48:32', 'pending'),
(1553, 33, 467, 'sms', '2017-08-05 17:48:32', 'pending'),
(1554, 33, 235, 'sms', '2017-08-05 17:48:32', 'pending'),
(1555, 33, 50, 'sms', '2017-08-05 17:48:32', 'pending'),
(1556, 33, 282, 'sms', '2017-08-05 17:48:32', 'pending'),
(1557, 33, 283, 'sms', '2017-08-05 17:48:32', 'pending'),
(1558, 33, 52, 'sms', '2017-08-05 17:48:32', 'pending'),
(1559, 33, 284, 'sms', '2017-08-05 17:48:32', 'pending'),
(1560, 33, 53, 'sms', '2017-08-05 17:48:32', 'pending'),
(1561, 33, 285, 'sms', '2017-08-05 17:48:32', 'pending'),
(1562, 33, 54, 'sms', '2017-08-05 17:48:32', 'pending'),
(1563, 33, 286, 'sms', '2017-08-05 17:48:32', 'pending'),
(1564, 33, 55, 'sms', '2017-08-05 17:48:32', 'pending'),
(1565, 33, 287, 'sms', '2017-08-05 17:48:32', 'pending'),
(1566, 33, 56, 'sms', '2017-08-05 17:48:32', 'pending'),
(1567, 33, 288, 'sms', '2017-08-05 17:48:32', 'pending'),
(1568, 33, 57, 'sms', '2017-08-05 17:48:32', 'pending'),
(1569, 33, 289, 'sms', '2017-08-05 17:48:32', 'pending'),
(1570, 33, 58, 'sms', '2017-08-05 17:48:32', 'pending'),
(1571, 33, 290, 'sms', '2017-08-05 17:48:32', 'pending'),
(1572, 33, 59, 'sms', '2017-08-05 17:48:32', 'pending'),
(1573, 33, 291, 'sms', '2017-08-05 17:48:32', 'pending'),
(1574, 33, 60, 'sms', '2017-08-05 17:48:32', 'pending'),
(1575, 33, 292, 'sms', '2017-08-05 17:48:32', 'pending'),
(1576, 33, 293, 'sms', '2017-08-05 17:48:32', 'pending'),
(1577, 33, 61, 'sms', '2017-08-05 17:48:32', 'pending'),
(1578, 33, 62, 'sms', '2017-08-05 17:48:32', 'pending'),
(1579, 33, 294, 'sms', '2017-08-05 17:48:32', 'pending'),
(1580, 33, 63, 'sms', '2017-08-05 17:48:32', 'pending'),
(1581, 33, 295, 'sms', '2017-08-05 17:48:32', 'pending'),
(1582, 33, 64, 'sms', '2017-08-05 17:48:32', 'pending'),
(1583, 33, 296, 'sms', '2017-08-05 17:48:32', 'pending'),
(1584, 33, 65, 'sms', '2017-08-05 17:48:32', 'pending'),
(1585, 33, 297, 'sms', '2017-08-05 17:48:32', 'pending'),
(1586, 33, 66, 'sms', '2017-08-05 17:48:32', 'pending'),
(1587, 33, 298, 'sms', '2017-08-05 17:48:32', 'pending'),
(1588, 33, 67, 'sms', '2017-08-05 17:48:32', 'pending'),
(1589, 33, 299, 'sms', '2017-08-05 17:48:32', 'pending'),
(1590, 33, 300, 'sms', '2017-08-05 17:48:32', 'pending'),
(1591, 33, 68, 'sms', '2017-08-05 17:48:32', 'pending'),
(1592, 33, 69, 'sms', '2017-08-05 17:48:32', 'pending'),
(1593, 33, 301, 'sms', '2017-08-05 17:48:32', 'pending'),
(1594, 33, 70, 'sms', '2017-08-05 17:48:32', 'pending'),
(1595, 33, 302, 'sms', '2017-08-05 17:48:32', 'pending'),
(1596, 33, 71, 'sms', '2017-08-05 17:48:32', 'pending'),
(1597, 33, 303, 'sms', '2017-08-05 17:48:32', 'pending'),
(1598, 33, 72, 'sms', '2017-08-05 17:48:32', 'pending'),
(1599, 33, 304, 'sms', '2017-08-05 17:48:32', 'pending'),
(1600, 33, 73, 'sms', '2017-08-05 17:48:32', 'pending'),
(1601, 33, 305, 'sms', '2017-08-05 17:48:32', 'pending'),
(1602, 33, 74, 'sms', '2017-08-05 17:48:32', 'pending'),
(1603, 33, 306, 'sms', '2017-08-05 17:48:32', 'pending'),
(1604, 33, 75, 'sms', '2017-08-05 17:48:32', 'pending'),
(1605, 33, 307, 'sms', '2017-08-05 17:48:32', 'pending'),
(1606, 33, 76, 'sms', '2017-08-05 17:48:32', 'pending'),
(1607, 33, 308, 'sms', '2017-08-05 17:48:32', 'pending'),
(1608, 33, 77, 'sms', '2017-08-05 17:48:32', 'pending'),
(1609, 33, 309, 'sms', '2017-08-05 17:48:32', 'pending'),
(1610, 33, 78, 'sms', '2017-08-05 17:48:32', 'pending'),
(1611, 33, 310, 'sms', '2017-08-05 17:48:32', 'pending'),
(1612, 33, 79, 'sms', '2017-08-05 17:48:32', 'pending'),
(1613, 33, 311, 'sms', '2017-08-05 17:48:32', 'pending'),
(1614, 33, 80, 'sms', '2017-08-05 17:48:32', 'pending'),
(1615, 33, 312, 'sms', '2017-08-05 17:48:32', 'pending'),
(1616, 33, 81, 'sms', '2017-08-05 17:48:32', 'pending'),
(1617, 33, 313, 'sms', '2017-08-05 17:48:32', 'pending'),
(1618, 33, 82, 'sms', '2017-08-05 17:48:32', 'pending'),
(1619, 33, 314, 'sms', '2017-08-05 17:48:32', 'pending'),
(1620, 33, 83, 'sms', '2017-08-05 17:48:32', 'pending'),
(1621, 33, 315, 'sms', '2017-08-05 17:48:32', 'pending'),
(1622, 33, 84, 'sms', '2017-08-05 17:48:32', 'pending'),
(1623, 33, 316, 'sms', '2017-08-05 17:48:32', 'pending'),
(1624, 33, 85, 'sms', '2017-08-05 17:48:32', 'pending'),
(1625, 33, 317, 'sms', '2017-08-05 17:48:32', 'pending'),
(1626, 33, 86, 'sms', '2017-08-05 17:48:32', 'pending'),
(1627, 33, 318, 'sms', '2017-08-05 17:48:32', 'pending'),
(1628, 33, 319, 'sms', '2017-08-05 17:48:32', 'pending'),
(1629, 33, 87, 'sms', '2017-08-05 17:48:32', 'pending'),
(1630, 33, 88, 'sms', '2017-08-05 17:48:32', 'pending'),
(1631, 33, 320, 'sms', '2017-08-05 17:48:32', 'pending'),
(1632, 33, 89, 'sms', '2017-08-05 17:48:32', 'pending'),
(1633, 33, 90, 'sms', '2017-08-05 17:48:32', 'pending'),
(1634, 33, 91, 'sms', '2017-08-05 17:48:32', 'pending'),
(1635, 33, 92, 'sms', '2017-08-05 17:48:32', 'pending'),
(1636, 33, 93, 'sms', '2017-08-05 17:48:32', 'pending'),
(1637, 33, 94, 'sms', '2017-08-05 17:48:32', 'pending'),
(1638, 33, 95, 'sms', '2017-08-05 17:48:32', 'pending'),
(1639, 33, 96, 'sms', '2017-08-05 17:48:32', 'pending'),
(1640, 33, 97, 'sms', '2017-08-05 17:48:32', 'pending'),
(1641, 33, 98, 'sms', '2017-08-05 17:48:32', 'pending'),
(1642, 33, 99, 'sms', '2017-08-05 17:48:32', 'pending'),
(1643, 33, 100, 'sms', '2017-08-05 17:48:32', 'pending'),
(1644, 33, 101, 'sms', '2017-08-05 17:48:32', 'pending'),
(1645, 33, 102, 'sms', '2017-08-05 17:48:32', 'pending'),
(1646, 33, 103, 'sms', '2017-08-05 17:48:32', 'pending'),
(1647, 33, 104, 'sms', '2017-08-05 17:48:32', 'pending'),
(1648, 33, 105, 'sms', '2017-08-05 17:48:32', 'pending'),
(1649, 33, 106, 'sms', '2017-08-05 17:48:32', 'pending'),
(1650, 33, 107, 'sms', '2017-08-05 17:48:32', 'pending'),
(1651, 33, 108, 'sms', '2017-08-05 17:48:32', 'pending'),
(1652, 33, 109, 'sms', '2017-08-05 17:48:32', 'pending'),
(1653, 33, 110, 'sms', '2017-08-05 17:48:32', 'pending'),
(1654, 33, 111, 'sms', '2017-08-05 17:48:32', 'pending'),
(1655, 33, 112, 'sms', '2017-08-05 17:48:32', 'pending'),
(1656, 33, 113, 'sms', '2017-08-05 17:48:32', 'pending'),
(1657, 33, 114, 'sms', '2017-08-05 17:48:32', 'pending'),
(1658, 33, 115, 'sms', '2017-08-05 17:48:32', 'pending'),
(1659, 33, 116, 'sms', '2017-08-05 17:48:32', 'pending'),
(1660, 33, 117, 'sms', '2017-08-05 17:48:32', 'pending'),
(1661, 33, 118, 'sms', '2017-08-05 17:48:32', 'pending'),
(1662, 33, 119, 'sms', '2017-08-05 17:48:32', 'pending'),
(1663, 33, 120, 'sms', '2017-08-05 17:48:32', 'pending'),
(1664, 33, 121, 'sms', '2017-08-05 17:48:32', 'pending'),
(1665, 33, 122, 'sms', '2017-08-05 17:48:32', 'pending'),
(1666, 33, 123, 'sms', '2017-08-05 17:48:32', 'pending'),
(1667, 33, 124, 'sms', '2017-08-05 17:48:32', 'pending'),
(1668, 33, 125, 'sms', '2017-08-05 17:48:32', 'pending'),
(1669, 33, 126, 'sms', '2017-08-05 17:48:32', 'pending'),
(1670, 33, 127, 'sms', '2017-08-05 17:48:32', 'pending'),
(1671, 33, 128, 'sms', '2017-08-05 17:48:32', 'pending'),
(1672, 33, 129, 'sms', '2017-08-05 17:48:32', 'pending'),
(1673, 33, 130, 'sms', '2017-08-05 17:48:32', 'pending'),
(1674, 33, 131, 'sms', '2017-08-05 17:48:32', 'pending'),
(1675, 33, 132, 'sms', '2017-08-05 17:48:32', 'pending'),
(1676, 33, 133, 'sms', '2017-08-05 17:48:32', 'pending'),
(1677, 33, 134, 'sms', '2017-08-05 17:48:32', 'pending'),
(1678, 33, 135, 'sms', '2017-08-05 17:48:32', 'pending'),
(1679, 33, 136, 'sms', '2017-08-05 17:48:32', 'pending'),
(1680, 33, 137, 'sms', '2017-08-05 17:48:32', 'pending'),
(1681, 33, 138, 'sms', '2017-08-05 17:48:32', 'pending'),
(1682, 33, 139, 'sms', '2017-08-05 17:48:32', 'pending'),
(1683, 33, 140, 'sms', '2017-08-05 17:48:32', 'pending'),
(1684, 33, 141, 'sms', '2017-08-05 17:48:32', 'pending'),
(1685, 33, 142, 'sms', '2017-08-05 17:48:32', 'pending'),
(1686, 33, 143, 'sms', '2017-08-05 17:48:32', 'pending'),
(1687, 33, 144, 'sms', '2017-08-05 17:48:32', 'pending'),
(1688, 33, 145, 'sms', '2017-08-05 17:48:32', 'pending'),
(1689, 33, 146, 'sms', '2017-08-05 17:48:32', 'pending'),
(1690, 33, 147, 'sms', '2017-08-05 17:48:32', 'pending'),
(1691, 33, 148, 'sms', '2017-08-05 17:48:32', 'pending'),
(1692, 33, 149, 'sms', '2017-08-05 17:48:32', 'pending'),
(1693, 33, 150, 'sms', '2017-08-05 17:48:32', 'pending'),
(1694, 33, 151, 'sms', '2017-08-05 17:48:32', 'pending'),
(1695, 33, 152, 'sms', '2017-08-05 17:48:32', 'pending'),
(1696, 33, 153, 'sms', '2017-08-05 17:48:32', 'pending'),
(1697, 33, 154, 'sms', '2017-08-05 17:48:32', 'pending'),
(1698, 33, 155, 'sms', '2017-08-05 17:48:32', 'pending'),
(1699, 33, 156, 'sms', '2017-08-05 17:48:32', 'pending'),
(1700, 33, 157, 'sms', '2017-08-05 17:48:32', 'pending'),
(1701, 33, 158, 'sms', '2017-08-05 17:48:32', 'pending'),
(1702, 33, 159, 'sms', '2017-08-05 17:48:32', 'pending'),
(1703, 33, 160, 'sms', '2017-08-05 17:48:32', 'pending'),
(1704, 33, 161, 'sms', '2017-08-05 17:48:32', 'pending'),
(1705, 33, 162, 'sms', '2017-08-05 17:48:32', 'pending'),
(1706, 33, 163, 'sms', '2017-08-05 17:48:32', 'pending'),
(1707, 33, 164, 'sms', '2017-08-05 17:48:32', 'pending'),
(1708, 33, 165, 'sms', '2017-08-05 17:48:32', 'pending'),
(1709, 33, 166, 'sms', '2017-08-05 17:48:32', 'pending'),
(1710, 33, 167, 'sms', '2017-08-05 17:48:32', 'pending'),
(1711, 33, 168, 'sms', '2017-08-05 17:48:32', 'pending'),
(1712, 33, 169, 'sms', '2017-08-05 17:48:32', 'pending'),
(1713, 33, 170, 'sms', '2017-08-05 17:48:32', 'pending'),
(1714, 33, 171, 'sms', '2017-08-05 17:48:32', 'pending'),
(1715, 33, 172, 'sms', '2017-08-05 17:48:32', 'pending'),
(1716, 33, 173, 'sms', '2017-08-05 17:48:32', 'pending'),
(1717, 33, 174, 'sms', '2017-08-05 17:48:32', 'pending'),
(1718, 33, 175, 'sms', '2017-08-05 17:48:32', 'pending'),
(1719, 33, 176, 'sms', '2017-08-05 17:48:32', 'pending'),
(1720, 33, 177, 'sms', '2017-08-05 17:48:32', 'pending'),
(1721, 33, 178, 'sms', '2017-08-05 17:48:32', 'pending'),
(1722, 33, 179, 'sms', '2017-08-05 17:48:32', 'pending'),
(1723, 33, 180, 'sms', '2017-08-05 17:48:32', 'pending'),
(1724, 33, 181, 'sms', '2017-08-05 17:48:32', 'pending'),
(1725, 33, 182, 'sms', '2017-08-05 17:48:32', 'pending'),
(1726, 33, 183, 'sms', '2017-08-05 17:48:32', 'pending'),
(1727, 33, 184, 'sms', '2017-08-05 17:48:32', 'pending'),
(1728, 33, 185, 'sms', '2017-08-05 17:48:32', 'pending'),
(1729, 33, 186, 'sms', '2017-08-05 17:48:32', 'pending'),
(1730, 33, 187, 'sms', '2017-08-05 17:48:32', 'pending'),
(1731, 33, 188, 'sms', '2017-08-05 17:48:32', 'pending'),
(1732, 33, 189, 'sms', '2017-08-05 17:48:32', 'pending'),
(1733, 33, 190, 'sms', '2017-08-05 17:48:32', 'pending'),
(1734, 33, 191, 'sms', '2017-08-05 17:48:32', 'pending'),
(1735, 33, 192, 'sms', '2017-08-05 17:48:32', 'pending'),
(1736, 33, 193, 'sms', '2017-08-05 17:48:32', 'pending'),
(1737, 33, 194, 'sms', '2017-08-05 17:48:32', 'pending'),
(1738, 33, 195, 'sms', '2017-08-05 17:48:32', 'pending'),
(1739, 33, 196, 'sms', '2017-08-05 17:48:32', 'pending'),
(1740, 33, 197, 'sms', '2017-08-05 17:48:32', 'pending'),
(1741, 33, 198, 'sms', '2017-08-05 17:48:32', 'pending'),
(1742, 33, 199, 'sms', '2017-08-05 17:48:32', 'pending'),
(1743, 33, 200, 'sms', '2017-08-05 17:48:32', 'pending'),
(1744, 33, 201, 'sms', '2017-08-05 17:48:32', 'pending'),
(1745, 33, 202, 'sms', '2017-08-05 17:48:32', 'pending'),
(1746, 33, 203, 'sms', '2017-08-05 17:48:32', 'pending'),
(1747, 33, 204, 'sms', '2017-08-05 17:48:32', 'pending'),
(1748, 33, 205, 'sms', '2017-08-05 17:48:32', 'pending'),
(1749, 33, 206, 'sms', '2017-08-05 17:48:32', 'pending'),
(1750, 33, 207, 'sms', '2017-08-05 17:48:32', 'pending'),
(1751, 33, 208, 'sms', '2017-08-05 17:48:32', 'pending'),
(1752, 33, 209, 'sms', '2017-08-05 17:48:32', 'pending'),
(1753, 33, 210, 'sms', '2017-08-05 17:48:32', 'pending'),
(1754, 33, 211, 'sms', '2017-08-05 17:48:32', 'pending'),
(1755, 33, 212, 'sms', '2017-08-05 17:48:32', 'pending'),
(1756, 33, 213, 'sms', '2017-08-05 17:48:32', 'pending'),
(1757, 33, 214, 'sms', '2017-08-05 17:48:32', 'pending'),
(1758, 33, 215, 'sms', '2017-08-05 17:48:32', 'pending'),
(1759, 33, 216, 'sms', '2017-08-05 17:48:32', 'pending'),
(1760, 33, 217, 'sms', '2017-08-05 17:48:32', 'pending'),
(1761, 33, 218, 'sms', '2017-08-05 17:48:32', 'pending'),
(1762, 33, 219, 'sms', '2017-08-05 17:48:32', 'pending'),
(1763, 33, 220, 'sms', '2017-08-05 17:48:32', 'pending'),
(1764, 33, 221, 'sms', '2017-08-05 17:48:32', 'pending'),
(1765, 33, 222, 'sms', '2017-08-05 17:48:32', 'pending'),
(1766, 33, 223, 'sms', '2017-08-05 17:48:32', 'pending'),
(1767, 33, 224, 'sms', '2017-08-05 17:48:32', 'pending'),
(1768, 33, 225, 'sms', '2017-08-05 17:48:32', 'pending'),
(1769, 33, 226, 'sms', '2017-08-05 17:48:32', 'pending'),
(1770, 33, 227, 'sms', '2017-08-05 17:48:32', 'pending'),
(1771, 33, 228, 'sms', '2017-08-05 17:48:32', 'pending'),
(1772, 33, 229, 'sms', '2017-08-05 17:48:32', 'pending'),
(1773, 33, 230, 'sms', '2017-08-05 17:48:32', 'pending'),
(1774, 33, 231, 'sms', '2017-08-05 17:48:32', 'pending'),
(1775, 33, 232, 'sms', '2017-08-05 17:48:32', 'pending'),
(1776, 33, 233, 'sms', '2017-08-05 17:48:32', 'pending'),
(1777, 33, 466, 'sms', '2017-08-05 17:48:32', 'pending'),
(1778, 33, 234, 'sms', '2017-08-05 17:48:32', 'pending'),
(1779, 34, 4, 'sms', '2017-08-05 17:48:32', 'pending'),
(1780, 34, 6, 'sms', '2017-08-05 17:48:32', 'pending'),
(1781, 34, 9, 'sms', '2017-08-05 17:48:32', 'pending'),
(1782, 34, 11, 'sms', '2017-08-05 17:48:32', 'pending'),
(1783, 34, 12, 'sms', '2017-08-05 17:48:32', 'pending'),
(1784, 34, 13, 'sms', '2017-08-05 17:48:32', 'pending'),
(1785, 34, 15, 'sms', '2017-08-05 17:48:32', 'pending'),
(1786, 34, 17, 'sms', '2017-08-05 17:48:32', 'pending'),
(1787, 34, 18, 'sms', '2017-08-05 17:48:32', 'pending'),
(1788, 34, 19, 'sms', '2017-08-05 17:48:32', 'pending'),
(1789, 34, 3, 'sms', '2017-08-05 17:48:32', 'pending'),
(1790, 34, 20, 'sms', '2017-08-05 17:48:32', 'pending'),
(1791, 34, 21, 'sms', '2017-08-05 17:48:32', 'pending'),
(1792, 34, 22, 'sms', '2017-08-05 17:48:32', 'pending'),
(1793, 34, 23, 'sms', '2017-08-05 17:48:32', 'pending'),
(1794, 34, 24, 'sms', '2017-08-05 17:48:32', 'pending'),
(1795, 34, 25, 'sms', '2017-08-05 17:48:32', 'pending'),
(1796, 34, 26, 'sms', '2017-08-05 17:48:32', 'pending'),
(1797, 34, 27, 'sms', '2017-08-05 17:48:32', 'pending'),
(1798, 34, 28, 'sms', '2017-08-05 17:48:32', 'pending'),
(1799, 34, 29, 'sms', '2017-08-05 17:48:32', 'pending'),
(1800, 34, 30, 'sms', '2017-08-05 17:48:32', 'pending'),
(1801, 34, 31, 'sms', '2017-08-05 17:48:32', 'pending'),
(1802, 34, 32, 'sms', '2017-08-05 17:48:32', 'pending'),
(1803, 34, 33, 'sms', '2017-08-05 17:48:32', 'pending'),
(1804, 34, 34, 'sms', '2017-08-05 17:48:32', 'pending'),
(1805, 34, 35, 'sms', '2017-08-05 17:48:32', 'pending'),
(1806, 34, 36, 'sms', '2017-08-05 17:48:32', 'pending'),
(1807, 34, 37, 'sms', '2017-08-05 17:48:32', 'pending'),
(1808, 34, 38, 'sms', '2017-08-05 17:48:32', 'pending'),
(1809, 34, 39, 'sms', '2017-08-05 17:48:32', 'pending'),
(1810, 34, 40, 'sms', '2017-08-05 17:48:32', 'pending'),
(1811, 34, 41, 'sms', '2017-08-05 17:48:32', 'pending'),
(1812, 34, 42, 'sms', '2017-08-05 17:48:32', 'pending'),
(1813, 34, 43, 'sms', '2017-08-05 17:48:32', 'pending'),
(1814, 34, 44, 'sms', '2017-08-05 17:48:32', 'pending'),
(1815, 34, 45, 'sms', '2017-08-05 17:48:32', 'pending'),
(1816, 34, 46, 'sms', '2017-08-05 17:48:32', 'pending'),
(1817, 34, 47, 'sms', '2017-08-05 17:48:32', 'pending');
INSERT INTO `mthreads` (`id`, `message`, `receiver`, `channel`, `time`, `status`) VALUES
(1818, 34, 48, 'sms', '2017-08-05 17:48:32', 'pending'),
(1819, 34, 49, 'sms', '2017-08-05 17:48:32', 'pending'),
(1820, 34, 50, 'sms', '2017-08-05 17:48:32', 'pending'),
(1821, 34, 52, 'sms', '2017-08-05 17:48:32', 'pending'),
(1822, 34, 53, 'sms', '2017-08-05 17:48:32', 'pending'),
(1823, 34, 54, 'sms', '2017-08-05 17:48:32', 'pending'),
(1824, 34, 55, 'sms', '2017-08-05 17:48:32', 'pending'),
(1825, 34, 56, 'sms', '2017-08-05 17:48:32', 'pending'),
(1826, 34, 57, 'sms', '2017-08-05 17:48:32', 'pending'),
(1827, 34, 58, 'sms', '2017-08-05 17:48:32', 'pending'),
(1828, 34, 59, 'sms', '2017-08-05 17:48:32', 'pending'),
(1829, 34, 60, 'sms', '2017-08-05 17:48:32', 'pending'),
(1830, 34, 61, 'sms', '2017-08-05 17:48:32', 'pending'),
(1831, 34, 62, 'sms', '2017-08-05 17:48:32', 'pending'),
(1832, 34, 63, 'sms', '2017-08-05 17:48:32', 'pending'),
(1833, 34, 64, 'sms', '2017-08-05 17:48:32', 'pending'),
(1834, 34, 65, 'sms', '2017-08-05 17:48:32', 'pending'),
(1835, 34, 66, 'sms', '2017-08-05 17:48:32', 'pending'),
(1836, 34, 67, 'sms', '2017-08-05 17:48:32', 'pending'),
(1837, 34, 68, 'sms', '2017-08-05 17:48:32', 'pending'),
(1838, 34, 69, 'sms', '2017-08-05 17:48:32', 'pending'),
(1839, 34, 70, 'sms', '2017-08-05 17:48:32', 'pending'),
(1840, 34, 71, 'sms', '2017-08-05 17:48:32', 'pending'),
(1841, 34, 72, 'sms', '2017-08-05 17:48:32', 'pending'),
(1842, 34, 73, 'sms', '2017-08-05 17:48:32', 'pending'),
(1843, 34, 74, 'sms', '2017-08-05 17:48:32', 'pending'),
(1844, 34, 75, 'sms', '2017-08-05 17:48:32', 'pending'),
(1845, 34, 76, 'sms', '2017-08-05 17:48:32', 'pending'),
(1846, 34, 77, 'sms', '2017-08-05 17:48:32', 'pending'),
(1847, 34, 78, 'sms', '2017-08-05 17:48:32', 'pending'),
(1848, 34, 79, 'sms', '2017-08-05 17:48:32', 'pending'),
(1849, 34, 80, 'sms', '2017-08-05 17:48:32', 'pending'),
(1850, 34, 81, 'sms', '2017-08-05 17:48:32', 'pending'),
(1851, 34, 82, 'sms', '2017-08-05 17:48:32', 'pending'),
(1852, 34, 83, 'sms', '2017-08-05 17:48:32', 'pending'),
(1853, 34, 84, 'sms', '2017-08-05 17:48:32', 'pending'),
(1854, 34, 85, 'sms', '2017-08-05 17:48:32', 'pending'),
(1855, 34, 86, 'sms', '2017-08-05 17:48:32', 'pending'),
(1856, 34, 87, 'sms', '2017-08-05 17:48:32', 'pending'),
(1857, 34, 88, 'sms', '2017-08-05 17:48:32', 'pending'),
(1858, 34, 89, 'sms', '2017-08-05 17:48:32', 'pending'),
(1859, 34, 90, 'sms', '2017-08-05 17:48:32', 'pending'),
(1860, 34, 91, 'sms', '2017-08-05 17:48:32', 'pending'),
(1861, 34, 92, 'sms', '2017-08-05 17:48:32', 'pending'),
(1862, 34, 93, 'sms', '2017-08-05 17:48:32', 'pending'),
(1863, 34, 94, 'sms', '2017-08-05 17:48:32', 'pending'),
(1864, 34, 95, 'sms', '2017-08-05 17:48:32', 'pending'),
(1865, 34, 96, 'sms', '2017-08-05 17:48:32', 'pending'),
(1866, 34, 97, 'sms', '2017-08-05 17:48:32', 'pending'),
(1867, 34, 98, 'sms', '2017-08-05 17:48:32', 'pending'),
(1868, 34, 99, 'sms', '2017-08-05 17:48:32', 'pending'),
(1869, 34, 100, 'sms', '2017-08-05 17:48:32', 'pending'),
(1870, 34, 101, 'sms', '2017-08-05 17:48:32', 'pending'),
(1871, 34, 102, 'sms', '2017-08-05 17:48:32', 'pending'),
(1872, 34, 103, 'sms', '2017-08-05 17:48:32', 'pending'),
(1873, 34, 104, 'sms', '2017-08-05 17:48:32', 'pending'),
(1874, 34, 105, 'sms', '2017-08-05 17:48:32', 'pending'),
(1875, 34, 106, 'sms', '2017-08-05 17:48:32', 'pending'),
(1876, 34, 107, 'sms', '2017-08-05 17:48:32', 'pending'),
(1877, 34, 108, 'sms', '2017-08-05 17:48:32', 'pending'),
(1878, 34, 109, 'sms', '2017-08-05 17:48:32', 'pending'),
(1879, 34, 110, 'sms', '2017-08-05 17:48:32', 'pending'),
(1880, 34, 111, 'sms', '2017-08-05 17:48:32', 'pending'),
(1881, 34, 112, 'sms', '2017-08-05 17:48:32', 'pending'),
(1882, 34, 113, 'sms', '2017-08-05 17:48:32', 'pending'),
(1883, 34, 114, 'sms', '2017-08-05 17:48:32', 'pending'),
(1884, 34, 115, 'sms', '2017-08-05 17:48:32', 'pending'),
(1885, 34, 116, 'sms', '2017-08-05 17:48:32', 'pending'),
(1886, 34, 117, 'sms', '2017-08-05 17:48:32', 'pending'),
(1887, 34, 118, 'sms', '2017-08-05 17:48:32', 'pending'),
(1888, 34, 119, 'sms', '2017-08-05 17:48:32', 'pending'),
(1889, 34, 120, 'sms', '2017-08-05 17:48:32', 'pending'),
(1890, 34, 121, 'sms', '2017-08-05 17:48:32', 'pending'),
(1891, 34, 122, 'sms', '2017-08-05 17:48:32', 'pending'),
(1892, 34, 123, 'sms', '2017-08-05 17:48:32', 'pending'),
(1893, 34, 124, 'sms', '2017-08-05 17:48:32', 'pending'),
(1894, 34, 125, 'sms', '2017-08-05 17:48:32', 'pending'),
(1895, 34, 126, 'sms', '2017-08-05 17:48:32', 'pending'),
(1896, 34, 127, 'sms', '2017-08-05 17:48:32', 'pending'),
(1897, 34, 128, 'sms', '2017-08-05 17:48:32', 'pending'),
(1898, 34, 129, 'sms', '2017-08-05 17:48:32', 'pending'),
(1899, 34, 130, 'sms', '2017-08-05 17:48:32', 'pending'),
(1900, 34, 131, 'sms', '2017-08-05 17:48:32', 'pending'),
(1901, 34, 132, 'sms', '2017-08-05 17:48:32', 'pending'),
(1902, 34, 133, 'sms', '2017-08-05 17:48:32', 'pending'),
(1903, 34, 134, 'sms', '2017-08-05 17:48:32', 'pending'),
(1904, 34, 135, 'sms', '2017-08-05 17:48:32', 'pending'),
(1905, 34, 136, 'sms', '2017-08-05 17:48:32', 'pending'),
(1906, 34, 137, 'sms', '2017-08-05 17:48:32', 'pending'),
(1907, 34, 138, 'sms', '2017-08-05 17:48:32', 'pending'),
(1908, 34, 139, 'sms', '2017-08-05 17:48:32', 'pending'),
(1909, 34, 140, 'sms', '2017-08-05 17:48:32', 'pending'),
(1910, 34, 141, 'sms', '2017-08-05 17:48:32', 'pending'),
(1911, 34, 142, 'sms', '2017-08-05 17:48:32', 'pending'),
(1912, 34, 143, 'sms', '2017-08-05 17:48:32', 'pending'),
(1913, 34, 144, 'sms', '2017-08-05 17:48:32', 'pending'),
(1914, 34, 145, 'sms', '2017-08-05 17:48:32', 'pending'),
(1915, 34, 146, 'sms', '2017-08-05 17:48:32', 'pending'),
(1916, 34, 147, 'sms', '2017-08-05 17:48:32', 'pending'),
(1917, 34, 148, 'sms', '2017-08-05 17:48:32', 'pending'),
(1918, 34, 149, 'sms', '2017-08-05 17:48:32', 'pending'),
(1919, 34, 150, 'sms', '2017-08-05 17:48:32', 'pending'),
(1920, 34, 151, 'sms', '2017-08-05 17:48:32', 'pending'),
(1921, 34, 152, 'sms', '2017-08-05 17:48:32', 'pending'),
(1922, 34, 153, 'sms', '2017-08-05 17:48:32', 'pending'),
(1923, 34, 154, 'sms', '2017-08-05 17:48:32', 'pending'),
(1924, 34, 155, 'sms', '2017-08-05 17:48:32', 'pending'),
(1925, 34, 156, 'sms', '2017-08-05 17:48:32', 'pending'),
(1926, 34, 157, 'sms', '2017-08-05 17:48:32', 'pending'),
(1927, 34, 158, 'sms', '2017-08-05 17:48:32', 'pending'),
(1928, 34, 159, 'sms', '2017-08-05 17:48:32', 'pending'),
(1929, 34, 160, 'sms', '2017-08-05 17:48:32', 'pending'),
(1930, 34, 161, 'sms', '2017-08-05 17:48:32', 'pending'),
(1931, 34, 162, 'sms', '2017-08-05 17:48:32', 'pending'),
(1932, 34, 163, 'sms', '2017-08-05 17:48:32', 'pending'),
(1933, 34, 164, 'sms', '2017-08-05 17:48:32', 'pending'),
(1934, 34, 165, 'sms', '2017-08-05 17:48:32', 'pending'),
(1935, 34, 166, 'sms', '2017-08-05 17:48:32', 'pending'),
(1936, 34, 167, 'sms', '2017-08-05 17:48:32', 'pending'),
(1937, 34, 168, 'sms', '2017-08-05 17:48:32', 'pending'),
(1938, 34, 169, 'sms', '2017-08-05 17:48:32', 'pending'),
(1939, 34, 466, 'sms', '2017-08-05 17:48:32', 'pending'),
(1940, 35, 4, 'sms', '2017-08-05 17:48:32', 'pending'),
(1941, 35, 6, 'sms', '2017-08-05 17:48:32', 'pending'),
(1942, 35, 9, 'sms', '2017-08-05 17:48:32', 'pending'),
(1943, 35, 11, 'sms', '2017-08-05 17:48:32', 'pending'),
(1944, 35, 12, 'sms', '2017-08-05 17:48:32', 'pending'),
(1945, 35, 13, 'sms', '2017-08-05 17:48:32', 'pending'),
(1946, 35, 15, 'sms', '2017-08-05 17:48:32', 'pending'),
(1947, 35, 17, 'sms', '2017-08-05 17:48:32', 'pending'),
(1948, 35, 18, 'sms', '2017-08-05 17:48:32', 'pending'),
(1949, 35, 19, 'sms', '2017-08-05 17:48:32', 'pending'),
(1950, 35, 3, 'sms', '2017-08-05 17:48:32', 'pending'),
(1951, 35, 20, 'sms', '2017-08-05 17:48:32', 'pending'),
(1952, 35, 21, 'sms', '2017-08-05 17:48:32', 'pending'),
(1953, 35, 22, 'sms', '2017-08-05 17:48:32', 'pending'),
(1954, 35, 23, 'sms', '2017-08-05 17:48:32', 'pending'),
(1955, 35, 24, 'sms', '2017-08-05 17:48:32', 'pending'),
(1956, 35, 25, 'sms', '2017-08-05 17:48:32', 'pending'),
(1957, 35, 26, 'sms', '2017-08-05 17:48:32', 'pending'),
(1958, 35, 27, 'sms', '2017-08-05 17:48:32', 'pending'),
(1959, 35, 28, 'sms', '2017-08-05 17:48:32', 'pending'),
(1960, 35, 29, 'sms', '2017-08-05 17:48:32', 'pending'),
(1961, 35, 30, 'sms', '2017-08-05 17:48:32', 'pending'),
(1962, 35, 31, 'sms', '2017-08-05 17:48:32', 'pending'),
(1963, 35, 32, 'sms', '2017-08-05 17:48:32', 'pending'),
(1964, 35, 33, 'sms', '2017-08-05 17:48:32', 'pending'),
(1965, 35, 34, 'sms', '2017-08-05 17:48:32', 'pending'),
(1966, 35, 35, 'sms', '2017-08-05 17:48:32', 'pending'),
(1967, 35, 36, 'sms', '2017-08-05 17:48:32', 'pending'),
(1968, 35, 37, 'sms', '2017-08-05 17:48:32', 'pending'),
(1969, 35, 38, 'sms', '2017-08-05 17:48:32', 'pending'),
(1970, 35, 39, 'sms', '2017-08-05 17:48:32', 'pending'),
(1971, 35, 40, 'sms', '2017-08-05 17:48:32', 'pending'),
(1972, 35, 41, 'sms', '2017-08-05 17:48:32', 'pending'),
(1973, 35, 42, 'sms', '2017-08-05 17:48:32', 'pending'),
(1974, 35, 43, 'sms', '2017-08-05 17:48:32', 'pending'),
(1975, 35, 44, 'sms', '2017-08-05 17:48:32', 'pending'),
(1976, 35, 45, 'sms', '2017-08-05 17:48:32', 'pending'),
(1977, 35, 46, 'sms', '2017-08-05 17:48:32', 'pending'),
(1978, 35, 47, 'sms', '2017-08-05 17:48:32', 'pending'),
(1979, 35, 48, 'sms', '2017-08-05 17:48:32', 'pending'),
(1980, 35, 49, 'sms', '2017-08-05 17:48:32', 'pending'),
(1981, 35, 50, 'sms', '2017-08-05 17:48:32', 'pending'),
(1982, 35, 52, 'sms', '2017-08-05 17:48:32', 'pending'),
(1983, 35, 53, 'sms', '2017-08-05 17:48:32', 'pending'),
(1984, 35, 54, 'sms', '2017-08-05 17:48:32', 'pending'),
(1985, 35, 55, 'sms', '2017-08-05 17:48:32', 'pending'),
(1986, 35, 56, 'sms', '2017-08-05 17:48:32', 'pending'),
(1987, 35, 57, 'sms', '2017-08-05 17:48:32', 'pending'),
(1988, 35, 58, 'sms', '2017-08-05 17:48:32', 'pending'),
(1989, 35, 59, 'sms', '2017-08-05 17:48:32', 'pending'),
(1990, 35, 60, 'sms', '2017-08-05 17:48:32', 'pending'),
(1991, 35, 61, 'sms', '2017-08-05 17:48:32', 'pending'),
(1992, 35, 62, 'sms', '2017-08-05 17:48:32', 'pending'),
(1993, 35, 63, 'sms', '2017-08-05 17:48:32', 'pending'),
(1994, 35, 64, 'sms', '2017-08-05 17:48:32', 'pending'),
(1995, 35, 65, 'sms', '2017-08-05 17:48:32', 'pending'),
(1996, 35, 66, 'sms', '2017-08-05 17:48:32', 'pending'),
(1997, 35, 67, 'sms', '2017-08-05 17:48:32', 'pending'),
(1998, 35, 68, 'sms', '2017-08-05 17:48:32', 'pending'),
(1999, 35, 69, 'sms', '2017-08-05 17:48:32', 'pending'),
(2000, 35, 70, 'sms', '2017-08-05 17:48:32', 'pending'),
(2001, 35, 71, 'sms', '2017-08-05 17:48:32', 'pending'),
(2002, 35, 72, 'sms', '2017-08-05 17:48:32', 'pending'),
(2003, 35, 73, 'sms', '2017-08-05 17:48:32', 'pending'),
(2004, 35, 74, 'sms', '2017-08-05 17:48:32', 'pending'),
(2005, 35, 75, 'sms', '2017-08-05 17:48:32', 'pending'),
(2006, 35, 76, 'sms', '2017-08-05 17:48:32', 'pending'),
(2007, 35, 77, 'sms', '2017-08-05 17:48:32', 'pending'),
(2008, 35, 78, 'sms', '2017-08-05 17:48:32', 'pending'),
(2009, 35, 79, 'sms', '2017-08-05 17:48:32', 'pending'),
(2010, 35, 80, 'sms', '2017-08-05 17:48:32', 'pending'),
(2011, 35, 81, 'sms', '2017-08-05 17:48:32', 'pending'),
(2012, 35, 82, 'sms', '2017-08-05 17:48:32', 'pending'),
(2013, 35, 83, 'sms', '2017-08-05 17:48:32', 'pending'),
(2014, 35, 84, 'sms', '2017-08-05 17:48:32', 'pending'),
(2015, 35, 85, 'sms', '2017-08-05 17:48:32', 'pending'),
(2016, 35, 86, 'sms', '2017-08-05 17:48:32', 'pending'),
(2017, 35, 87, 'sms', '2017-08-05 17:48:32', 'pending'),
(2018, 35, 88, 'sms', '2017-08-05 17:48:32', 'pending'),
(2019, 35, 89, 'sms', '2017-08-05 17:48:32', 'pending'),
(2020, 35, 90, 'sms', '2017-08-05 17:48:32', 'pending'),
(2021, 35, 91, 'sms', '2017-08-05 17:48:32', 'pending'),
(2022, 35, 92, 'sms', '2017-08-05 17:48:32', 'pending'),
(2023, 35, 93, 'sms', '2017-08-05 17:48:32', 'pending'),
(2024, 35, 94, 'sms', '2017-08-05 17:48:32', 'pending'),
(2025, 35, 95, 'sms', '2017-08-05 17:48:32', 'pending'),
(2026, 35, 96, 'sms', '2017-08-05 17:48:32', 'pending'),
(2027, 35, 97, 'sms', '2017-08-05 17:48:32', 'pending'),
(2028, 35, 98, 'sms', '2017-08-05 17:48:32', 'pending'),
(2029, 35, 99, 'sms', '2017-08-05 17:48:32', 'pending'),
(2030, 35, 100, 'sms', '2017-08-05 17:48:32', 'pending'),
(2031, 35, 101, 'sms', '2017-08-05 17:48:32', 'pending'),
(2032, 35, 102, 'sms', '2017-08-05 17:48:32', 'pending'),
(2033, 35, 103, 'sms', '2017-08-05 17:48:32', 'pending'),
(2034, 35, 104, 'sms', '2017-08-05 17:48:32', 'pending'),
(2035, 35, 105, 'sms', '2017-08-05 17:48:32', 'pending'),
(2036, 35, 106, 'sms', '2017-08-05 17:48:32', 'pending'),
(2037, 35, 107, 'sms', '2017-08-05 17:48:32', 'pending'),
(2038, 35, 108, 'sms', '2017-08-05 17:48:32', 'pending'),
(2039, 35, 109, 'sms', '2017-08-05 17:48:32', 'pending'),
(2040, 35, 110, 'sms', '2017-08-05 17:48:32', 'pending'),
(2041, 35, 111, 'sms', '2017-08-05 17:48:32', 'pending'),
(2042, 35, 112, 'sms', '2017-08-05 17:48:32', 'pending'),
(2043, 35, 113, 'sms', '2017-08-05 17:48:32', 'pending'),
(2044, 35, 114, 'sms', '2017-08-05 17:48:32', 'pending'),
(2045, 35, 115, 'sms', '2017-08-05 17:48:32', 'pending'),
(2046, 35, 116, 'sms', '2017-08-05 17:48:32', 'pending'),
(2047, 35, 117, 'sms', '2017-08-05 17:48:32', 'pending'),
(2048, 35, 118, 'sms', '2017-08-05 17:48:32', 'pending'),
(2049, 35, 119, 'sms', '2017-08-05 17:48:32', 'pending'),
(2050, 35, 120, 'sms', '2017-08-05 17:48:32', 'pending'),
(2051, 35, 121, 'sms', '2017-08-05 17:48:32', 'pending'),
(2052, 35, 122, 'sms', '2017-08-05 17:48:32', 'pending'),
(2053, 35, 123, 'sms', '2017-08-05 17:48:32', 'pending'),
(2054, 35, 124, 'sms', '2017-08-05 17:48:32', 'pending'),
(2055, 35, 125, 'sms', '2017-08-05 17:48:32', 'pending'),
(2056, 35, 126, 'sms', '2017-08-05 17:48:32', 'pending'),
(2057, 35, 127, 'sms', '2017-08-05 17:48:32', 'pending'),
(2058, 35, 128, 'sms', '2017-08-05 17:48:32', 'pending'),
(2059, 35, 129, 'sms', '2017-08-05 17:48:32', 'pending'),
(2060, 35, 130, 'sms', '2017-08-05 17:48:32', 'pending'),
(2061, 35, 131, 'sms', '2017-08-05 17:48:32', 'pending'),
(2062, 35, 132, 'sms', '2017-08-05 17:48:32', 'pending'),
(2063, 35, 133, 'sms', '2017-08-05 17:48:32', 'pending'),
(2064, 35, 134, 'sms', '2017-08-05 17:48:32', 'pending'),
(2065, 35, 135, 'sms', '2017-08-05 17:48:32', 'pending'),
(2066, 35, 136, 'sms', '2017-08-05 17:48:32', 'pending'),
(2067, 35, 137, 'sms', '2017-08-05 17:48:32', 'pending'),
(2068, 35, 138, 'sms', '2017-08-05 17:48:32', 'pending'),
(2069, 35, 139, 'sms', '2017-08-05 17:48:32', 'pending'),
(2070, 35, 140, 'sms', '2017-08-05 17:48:32', 'pending'),
(2071, 35, 141, 'sms', '2017-08-05 17:48:32', 'pending'),
(2072, 35, 142, 'sms', '2017-08-05 17:48:32', 'pending'),
(2073, 35, 143, 'sms', '2017-08-05 17:48:32', 'pending'),
(2074, 35, 144, 'sms', '2017-08-05 17:48:32', 'pending'),
(2075, 35, 145, 'sms', '2017-08-05 17:48:32', 'pending'),
(2076, 35, 146, 'sms', '2017-08-05 17:48:32', 'pending'),
(2077, 35, 147, 'sms', '2017-08-05 17:48:32', 'pending'),
(2078, 35, 148, 'sms', '2017-08-05 17:48:32', 'pending'),
(2079, 35, 149, 'sms', '2017-08-05 17:48:32', 'pending'),
(2080, 35, 150, 'sms', '2017-08-05 17:48:32', 'pending'),
(2081, 35, 151, 'sms', '2017-08-05 17:48:32', 'pending'),
(2082, 35, 152, 'sms', '2017-08-05 17:48:32', 'pending'),
(2083, 35, 153, 'sms', '2017-08-05 17:48:32', 'pending'),
(2084, 35, 154, 'sms', '2017-08-05 17:48:32', 'pending'),
(2085, 35, 155, 'sms', '2017-08-05 17:48:32', 'pending'),
(2086, 35, 156, 'sms', '2017-08-05 17:48:32', 'pending'),
(2087, 35, 157, 'sms', '2017-08-05 17:48:32', 'pending'),
(2088, 35, 158, 'sms', '2017-08-05 17:48:32', 'pending'),
(2089, 35, 159, 'sms', '2017-08-05 17:48:32', 'pending'),
(2090, 35, 160, 'sms', '2017-08-05 17:48:32', 'pending'),
(2091, 35, 161, 'sms', '2017-08-05 17:48:32', 'pending'),
(2092, 35, 162, 'sms', '2017-08-05 17:48:32', 'pending'),
(2093, 35, 163, 'sms', '2017-08-05 17:48:32', 'pending'),
(2094, 35, 164, 'sms', '2017-08-05 17:48:32', 'pending'),
(2095, 35, 165, 'sms', '2017-08-05 17:48:32', 'pending'),
(2096, 35, 166, 'sms', '2017-08-05 17:48:32', 'pending'),
(2097, 35, 167, 'sms', '2017-08-05 17:48:32', 'pending'),
(2098, 35, 168, 'sms', '2017-08-05 17:48:32', 'pending'),
(2099, 35, 169, 'sms', '2017-08-05 17:48:32', 'pending'),
(2100, 35, 466, 'sms', '2017-08-05 17:48:32', 'pending'),
(2101, 36, 4, 'sms', '2017-08-05 17:48:32', 'pending'),
(2102, 36, 6, 'sms', '2017-08-05 17:48:32', 'pending'),
(2103, 36, 9, 'sms', '2017-08-05 17:48:32', 'pending'),
(2104, 36, 11, 'sms', '2017-08-05 17:48:32', 'pending'),
(2105, 36, 12, 'sms', '2017-08-05 17:48:32', 'pending'),
(2106, 36, 13, 'sms', '2017-08-05 17:48:32', 'pending'),
(2107, 36, 15, 'sms', '2017-08-05 17:48:32', 'pending'),
(2108, 36, 17, 'sms', '2017-08-05 17:48:32', 'pending'),
(2109, 36, 18, 'sms', '2017-08-05 17:48:32', 'pending'),
(2110, 36, 19, 'sms', '2017-08-05 17:48:32', 'pending'),
(2111, 36, 3, 'sms', '2017-08-05 17:48:32', 'pending'),
(2112, 36, 20, 'sms', '2017-08-05 17:48:32', 'pending'),
(2113, 36, 21, 'sms', '2017-08-05 17:48:32', 'pending'),
(2114, 36, 22, 'sms', '2017-08-05 17:48:32', 'pending'),
(2115, 36, 23, 'sms', '2017-08-05 17:48:32', 'pending'),
(2116, 36, 24, 'sms', '2017-08-05 17:48:32', 'pending'),
(2117, 36, 25, 'sms', '2017-08-05 17:48:32', 'pending'),
(2118, 36, 26, 'sms', '2017-08-05 17:48:32', 'pending'),
(2119, 36, 27, 'sms', '2017-08-05 17:48:32', 'pending'),
(2120, 36, 28, 'sms', '2017-08-05 17:48:32', 'pending'),
(2121, 36, 29, 'sms', '2017-08-05 17:48:32', 'pending'),
(2122, 36, 30, 'sms', '2017-08-05 17:48:32', 'pending'),
(2123, 36, 31, 'sms', '2017-08-05 17:48:32', 'pending'),
(2124, 36, 32, 'sms', '2017-08-05 17:48:32', 'pending'),
(2125, 36, 33, 'sms', '2017-08-05 17:48:32', 'pending'),
(2126, 36, 34, 'sms', '2017-08-05 17:48:32', 'pending'),
(2127, 36, 35, 'sms', '2017-08-05 17:48:32', 'pending'),
(2128, 36, 36, 'sms', '2017-08-05 17:48:32', 'pending'),
(2129, 36, 37, 'sms', '2017-08-05 17:48:32', 'pending'),
(2130, 36, 38, 'sms', '2017-08-05 17:48:32', 'pending'),
(2131, 36, 39, 'sms', '2017-08-05 17:48:32', 'pending'),
(2132, 36, 40, 'sms', '2017-08-05 17:48:32', 'pending'),
(2133, 36, 41, 'sms', '2017-08-05 17:48:32', 'pending'),
(2134, 36, 42, 'sms', '2017-08-05 17:48:32', 'pending'),
(2135, 36, 43, 'sms', '2017-08-05 17:48:32', 'pending'),
(2136, 36, 44, 'sms', '2017-08-05 17:48:32', 'pending'),
(2137, 36, 45, 'sms', '2017-08-05 17:48:32', 'pending'),
(2138, 36, 46, 'sms', '2017-08-05 17:48:32', 'pending'),
(2139, 36, 47, 'sms', '2017-08-05 17:48:32', 'pending'),
(2140, 36, 48, 'sms', '2017-08-05 17:48:32', 'pending'),
(2141, 36, 49, 'sms', '2017-08-05 17:48:32', 'pending'),
(2142, 36, 50, 'sms', '2017-08-05 17:48:32', 'pending'),
(2143, 36, 52, 'sms', '2017-08-05 17:48:32', 'pending'),
(2144, 36, 53, 'sms', '2017-08-05 17:48:32', 'pending'),
(2145, 36, 54, 'sms', '2017-08-05 17:48:32', 'pending'),
(2146, 36, 55, 'sms', '2017-08-05 17:48:32', 'pending'),
(2147, 36, 56, 'sms', '2017-08-05 17:48:32', 'pending'),
(2148, 36, 57, 'sms', '2017-08-05 17:48:32', 'pending'),
(2149, 36, 58, 'sms', '2017-08-05 17:48:32', 'pending'),
(2150, 36, 59, 'sms', '2017-08-05 17:48:32', 'pending'),
(2151, 36, 60, 'sms', '2017-08-05 17:48:32', 'pending'),
(2152, 36, 61, 'sms', '2017-08-05 17:48:32', 'pending'),
(2153, 36, 62, 'sms', '2017-08-05 17:48:32', 'pending'),
(2154, 36, 63, 'sms', '2017-08-05 17:48:32', 'pending'),
(2155, 36, 64, 'sms', '2017-08-05 17:48:32', 'pending'),
(2156, 36, 65, 'sms', '2017-08-05 17:48:32', 'pending'),
(2157, 36, 66, 'sms', '2017-08-05 17:48:32', 'pending'),
(2158, 36, 67, 'sms', '2017-08-05 17:48:32', 'pending'),
(2159, 36, 68, 'sms', '2017-08-05 17:48:32', 'pending'),
(2160, 36, 69, 'sms', '2017-08-05 17:48:32', 'pending'),
(2161, 36, 70, 'sms', '2017-08-05 17:48:32', 'pending'),
(2162, 36, 71, 'sms', '2017-08-05 17:48:32', 'pending'),
(2163, 36, 72, 'sms', '2017-08-05 17:48:32', 'pending'),
(2164, 36, 73, 'sms', '2017-08-05 17:48:32', 'pending'),
(2165, 36, 74, 'sms', '2017-08-05 17:48:32', 'pending'),
(2166, 36, 75, 'sms', '2017-08-05 17:48:32', 'pending'),
(2167, 36, 76, 'sms', '2017-08-05 17:48:32', 'pending'),
(2168, 36, 77, 'sms', '2017-08-05 17:48:32', 'pending'),
(2169, 36, 78, 'sms', '2017-08-05 17:48:32', 'pending'),
(2170, 36, 79, 'sms', '2017-08-05 17:48:32', 'pending'),
(2171, 36, 80, 'sms', '2017-08-05 17:48:32', 'pending'),
(2172, 36, 81, 'sms', '2017-08-05 17:48:32', 'pending'),
(2173, 36, 82, 'sms', '2017-08-05 17:48:32', 'pending'),
(2174, 36, 83, 'sms', '2017-08-05 17:48:32', 'pending'),
(2175, 36, 84, 'sms', '2017-08-05 17:48:32', 'pending'),
(2176, 36, 85, 'sms', '2017-08-05 17:48:32', 'pending'),
(2177, 36, 86, 'sms', '2017-08-05 17:48:32', 'pending'),
(2178, 36, 87, 'sms', '2017-08-05 17:48:32', 'pending'),
(2179, 36, 88, 'sms', '2017-08-05 17:48:32', 'pending'),
(2180, 36, 89, 'sms', '2017-08-05 17:48:32', 'pending'),
(2181, 36, 90, 'sms', '2017-08-05 17:48:32', 'pending'),
(2182, 36, 91, 'sms', '2017-08-05 17:48:32', 'pending'),
(2183, 36, 92, 'sms', '2017-08-05 17:48:32', 'pending'),
(2184, 36, 93, 'sms', '2017-08-05 17:48:32', 'pending'),
(2185, 36, 94, 'sms', '2017-08-05 17:48:32', 'pending'),
(2186, 36, 95, 'sms', '2017-08-05 17:48:32', 'pending'),
(2187, 36, 96, 'sms', '2017-08-05 17:48:32', 'pending'),
(2188, 36, 97, 'sms', '2017-08-05 17:48:32', 'pending'),
(2189, 36, 98, 'sms', '2017-08-05 17:48:32', 'pending'),
(2190, 36, 99, 'sms', '2017-08-05 17:48:32', 'pending'),
(2191, 36, 100, 'sms', '2017-08-05 17:48:32', 'pending'),
(2192, 36, 101, 'sms', '2017-08-05 17:48:32', 'pending'),
(2193, 36, 102, 'sms', '2017-08-05 17:48:32', 'pending'),
(2194, 36, 103, 'sms', '2017-08-05 17:48:32', 'pending'),
(2195, 36, 104, 'sms', '2017-08-05 17:48:32', 'pending'),
(2196, 36, 105, 'sms', '2017-08-05 17:48:32', 'pending'),
(2197, 36, 106, 'sms', '2017-08-05 17:48:32', 'pending'),
(2198, 36, 107, 'sms', '2017-08-05 17:48:32', 'pending'),
(2199, 36, 108, 'sms', '2017-08-05 17:48:32', 'pending'),
(2200, 36, 109, 'sms', '2017-08-05 17:48:32', 'pending'),
(2201, 36, 110, 'sms', '2017-08-05 17:48:32', 'pending'),
(2202, 36, 111, 'sms', '2017-08-05 17:48:32', 'pending'),
(2203, 36, 112, 'sms', '2017-08-05 17:48:32', 'pending'),
(2204, 36, 113, 'sms', '2017-08-05 17:48:32', 'pending'),
(2205, 36, 114, 'sms', '2017-08-05 17:48:32', 'pending'),
(2206, 36, 115, 'sms', '2017-08-05 17:48:32', 'pending'),
(2207, 36, 116, 'sms', '2017-08-05 17:48:32', 'pending'),
(2208, 36, 117, 'sms', '2017-08-05 17:48:32', 'pending'),
(2209, 36, 118, 'sms', '2017-08-05 17:48:32', 'pending'),
(2210, 36, 119, 'sms', '2017-08-05 17:48:32', 'pending'),
(2211, 36, 120, 'sms', '2017-08-05 17:48:32', 'pending'),
(2212, 36, 121, 'sms', '2017-08-05 17:48:32', 'pending'),
(2213, 36, 122, 'sms', '2017-08-05 17:48:32', 'pending'),
(2214, 36, 123, 'sms', '2017-08-05 17:48:32', 'pending'),
(2215, 36, 124, 'sms', '2017-08-05 17:48:32', 'pending'),
(2216, 36, 125, 'sms', '2017-08-05 17:48:32', 'pending'),
(2217, 36, 126, 'sms', '2017-08-05 17:48:32', 'pending'),
(2218, 36, 127, 'sms', '2017-08-05 17:48:32', 'pending'),
(2219, 36, 128, 'sms', '2017-08-05 17:48:32', 'pending'),
(2220, 36, 129, 'sms', '2017-08-05 17:48:32', 'pending'),
(2221, 36, 130, 'sms', '2017-08-05 17:48:32', 'pending'),
(2222, 36, 131, 'sms', '2017-08-05 17:48:32', 'pending'),
(2223, 36, 132, 'sms', '2017-08-05 17:48:32', 'pending'),
(2224, 36, 133, 'sms', '2017-08-05 17:48:32', 'pending'),
(2225, 36, 134, 'sms', '2017-08-05 17:48:32', 'pending'),
(2226, 36, 135, 'sms', '2017-08-05 17:48:32', 'pending'),
(2227, 36, 136, 'sms', '2017-08-05 17:48:32', 'pending'),
(2228, 36, 137, 'sms', '2017-08-05 17:48:32', 'pending'),
(2229, 36, 138, 'sms', '2017-08-05 17:48:32', 'pending'),
(2230, 36, 139, 'sms', '2017-08-05 17:48:32', 'pending'),
(2231, 36, 140, 'sms', '2017-08-05 17:48:32', 'pending'),
(2232, 36, 141, 'sms', '2017-08-05 17:48:32', 'pending'),
(2233, 36, 142, 'sms', '2017-08-05 17:48:32', 'pending'),
(2234, 36, 143, 'sms', '2017-08-05 17:48:32', 'pending'),
(2235, 36, 144, 'sms', '2017-08-05 17:48:32', 'pending'),
(2236, 36, 145, 'sms', '2017-08-05 17:48:32', 'pending'),
(2237, 36, 146, 'sms', '2017-08-05 17:48:32', 'pending'),
(2238, 36, 147, 'sms', '2017-08-05 17:48:32', 'pending'),
(2239, 36, 148, 'sms', '2017-08-05 17:48:32', 'pending'),
(2240, 36, 149, 'sms', '2017-08-05 17:48:32', 'pending'),
(2241, 36, 150, 'sms', '2017-08-05 17:48:32', 'pending'),
(2242, 36, 151, 'sms', '2017-08-05 17:48:32', 'pending'),
(2243, 36, 152, 'sms', '2017-08-05 17:48:32', 'pending'),
(2244, 36, 153, 'sms', '2017-08-05 17:48:32', 'pending'),
(2245, 36, 154, 'sms', '2017-08-05 17:48:32', 'pending'),
(2246, 36, 155, 'sms', '2017-08-05 17:48:32', 'pending'),
(2247, 36, 156, 'sms', '2017-08-05 17:48:32', 'pending'),
(2248, 36, 157, 'sms', '2017-08-05 17:48:32', 'pending'),
(2249, 36, 158, 'sms', '2017-08-05 17:48:32', 'pending'),
(2250, 36, 159, 'sms', '2017-08-05 17:48:32', 'pending'),
(2251, 36, 160, 'sms', '2017-08-05 17:48:32', 'pending'),
(2252, 36, 161, 'sms', '2017-08-05 17:48:32', 'pending'),
(2253, 36, 162, 'sms', '2017-08-05 17:48:32', 'pending'),
(2254, 36, 163, 'sms', '2017-08-05 17:48:32', 'pending'),
(2255, 36, 164, 'sms', '2017-08-05 17:48:32', 'pending'),
(2256, 36, 165, 'sms', '2017-08-05 17:48:32', 'pending'),
(2257, 36, 166, 'sms', '2017-08-05 17:48:32', 'pending'),
(2258, 36, 167, 'sms', '2017-08-05 17:48:32', 'pending'),
(2259, 36, 168, 'sms', '2017-08-05 17:48:32', 'pending'),
(2260, 36, 169, 'sms', '2017-08-05 17:48:32', 'pending'),
(2261, 36, 466, 'sms', '2017-08-05 17:48:32', 'pending'),
(2262, 37, 4, 'sms', '2017-08-05 17:48:32', 'pending'),
(2263, 37, 237, 'sms', '2017-08-05 17:48:32', 'pending'),
(2264, 37, 6, 'sms', '2017-08-05 17:48:32', 'pending'),
(2265, 38, 6, 'sms', '2017-08-05 17:48:32', 'pending'),
(2266, 38, 239, 'sms', '2017-08-05 17:48:32', 'pending'),
(2267, 39, 239, 'sms', '2017-08-05 17:48:32', 'pending'),
(2268, 39, 240, 'sms', '2017-08-05 17:48:32', 'pending'),
(2269, 40, 240, 'sms', '2017-08-05 17:48:32', 'pending'),
(2270, 41, 6, 'sms', '2017-08-05 17:48:32', 'pending'),
(2271, 42, 4, 'sms', '2017-08-05 17:48:32', 'pending'),
(2272, 42, 6, 'sms', '2017-08-05 17:48:32', 'pending'),
(2273, 42, 9, 'sms', '2017-08-05 17:48:32', 'pending'),
(2274, 42, 11, 'sms', '2017-08-05 17:48:32', 'pending'),
(2275, 42, 12, 'sms', '2017-08-05 17:48:32', 'pending'),
(2276, 42, 13, 'sms', '2017-08-05 17:48:32', 'pending'),
(2277, 42, 15, 'sms', '2017-08-05 17:48:32', 'pending'),
(2278, 42, 17, 'sms', '2017-08-05 17:48:32', 'pending'),
(2279, 42, 18, 'sms', '2017-08-05 17:48:32', 'pending'),
(2280, 42, 19, 'sms', '2017-08-05 17:48:32', 'pending'),
(2281, 42, 3, 'sms', '2017-08-05 17:48:32', 'pending'),
(2282, 42, 20, 'sms', '2017-08-05 17:48:32', 'pending'),
(2283, 42, 21, 'sms', '2017-08-05 17:48:32', 'pending'),
(2284, 42, 22, 'sms', '2017-08-05 17:48:32', 'pending'),
(2285, 42, 23, 'sms', '2017-08-05 17:48:32', 'pending'),
(2286, 42, 24, 'sms', '2017-08-05 17:48:32', 'pending'),
(2287, 42, 25, 'sms', '2017-08-05 17:48:32', 'pending'),
(2288, 42, 26, 'sms', '2017-08-05 17:48:32', 'pending'),
(2289, 42, 27, 'sms', '2017-08-05 17:48:32', 'pending'),
(2290, 42, 28, 'sms', '2017-08-05 17:48:32', 'pending'),
(2291, 42, 29, 'sms', '2017-08-05 17:48:32', 'pending'),
(2292, 42, 30, 'sms', '2017-08-05 17:48:32', 'pending'),
(2293, 42, 31, 'sms', '2017-08-05 17:48:32', 'pending'),
(2294, 42, 32, 'sms', '2017-08-05 17:48:32', 'pending'),
(2295, 42, 33, 'sms', '2017-08-05 17:48:32', 'pending'),
(2296, 42, 34, 'sms', '2017-08-05 17:48:32', 'pending'),
(2297, 42, 35, 'sms', '2017-08-05 17:48:32', 'pending'),
(2298, 42, 36, 'sms', '2017-08-05 17:48:32', 'pending'),
(2299, 42, 37, 'sms', '2017-08-05 17:48:32', 'pending'),
(2300, 42, 38, 'sms', '2017-08-05 17:48:32', 'pending'),
(2301, 42, 39, 'sms', '2017-08-05 17:48:32', 'pending'),
(2302, 42, 40, 'sms', '2017-08-05 17:48:32', 'pending'),
(2303, 42, 41, 'sms', '2017-08-05 17:48:32', 'pending'),
(2304, 42, 42, 'sms', '2017-08-05 17:48:32', 'pending'),
(2305, 42, 43, 'sms', '2017-08-05 17:48:32', 'pending'),
(2306, 42, 44, 'sms', '2017-08-05 17:48:32', 'pending'),
(2307, 42, 45, 'sms', '2017-08-05 17:48:32', 'pending'),
(2308, 42, 46, 'sms', '2017-08-05 17:48:32', 'pending'),
(2309, 42, 47, 'sms', '2017-08-05 17:48:32', 'pending'),
(2310, 42, 48, 'sms', '2017-08-05 17:48:32', 'pending'),
(2311, 42, 49, 'sms', '2017-08-05 17:48:32', 'pending'),
(2312, 42, 50, 'sms', '2017-08-05 17:48:32', 'pending'),
(2313, 42, 52, 'sms', '2017-08-05 17:48:32', 'pending'),
(2314, 42, 53, 'sms', '2017-08-05 17:48:32', 'pending'),
(2315, 42, 54, 'sms', '2017-08-05 17:48:32', 'pending'),
(2316, 42, 55, 'sms', '2017-08-05 17:48:32', 'pending'),
(2317, 42, 56, 'sms', '2017-08-05 17:48:32', 'pending'),
(2318, 42, 57, 'sms', '2017-08-05 17:48:32', 'pending'),
(2319, 42, 58, 'sms', '2017-08-05 17:48:32', 'pending'),
(2320, 42, 59, 'sms', '2017-08-05 17:48:32', 'pending'),
(2321, 42, 60, 'sms', '2017-08-05 17:48:32', 'pending'),
(2322, 42, 61, 'sms', '2017-08-05 17:48:32', 'pending'),
(2323, 42, 62, 'sms', '2017-08-05 17:48:32', 'pending'),
(2324, 42, 63, 'sms', '2017-08-05 17:48:32', 'pending'),
(2325, 42, 64, 'sms', '2017-08-05 17:48:32', 'pending'),
(2326, 42, 65, 'sms', '2017-08-05 17:48:32', 'pending'),
(2327, 42, 66, 'sms', '2017-08-05 17:48:32', 'pending'),
(2328, 42, 67, 'sms', '2017-08-05 17:48:32', 'pending'),
(2329, 42, 68, 'sms', '2017-08-05 17:48:32', 'pending'),
(2330, 42, 69, 'sms', '2017-08-05 17:48:32', 'pending'),
(2331, 42, 70, 'sms', '2017-08-05 17:48:32', 'pending'),
(2332, 42, 71, 'sms', '2017-08-05 17:48:32', 'pending'),
(2333, 42, 72, 'sms', '2017-08-05 17:48:32', 'pending'),
(2334, 42, 73, 'sms', '2017-08-05 17:48:32', 'pending'),
(2335, 42, 74, 'sms', '2017-08-05 17:48:32', 'pending'),
(2336, 42, 75, 'sms', '2017-08-05 17:48:32', 'pending'),
(2337, 42, 76, 'sms', '2017-08-05 17:48:32', 'pending'),
(2338, 42, 77, 'sms', '2017-08-05 17:48:32', 'pending'),
(2339, 42, 78, 'sms', '2017-08-05 17:48:32', 'pending'),
(2340, 42, 79, 'sms', '2017-08-05 17:48:32', 'pending'),
(2341, 42, 80, 'sms', '2017-08-05 17:48:32', 'pending'),
(2342, 42, 81, 'sms', '2017-08-05 17:48:32', 'pending'),
(2343, 42, 82, 'sms', '2017-08-05 17:48:32', 'pending'),
(2344, 42, 83, 'sms', '2017-08-05 17:48:32', 'pending'),
(2345, 42, 84, 'sms', '2017-08-05 17:48:32', 'pending'),
(2346, 42, 85, 'sms', '2017-08-05 17:48:32', 'pending'),
(2347, 42, 86, 'sms', '2017-08-05 17:48:32', 'pending'),
(2348, 42, 87, 'sms', '2017-08-05 17:48:32', 'pending'),
(2349, 42, 88, 'sms', '2017-08-05 17:48:32', 'pending'),
(2350, 42, 89, 'sms', '2017-08-05 17:48:32', 'pending'),
(2351, 42, 90, 'sms', '2017-08-05 17:48:32', 'pending'),
(2352, 42, 91, 'sms', '2017-08-05 17:48:32', 'pending'),
(2353, 42, 92, 'sms', '2017-08-05 17:48:32', 'pending'),
(2354, 42, 93, 'sms', '2017-08-05 17:48:32', 'pending'),
(2355, 42, 94, 'sms', '2017-08-05 17:48:32', 'pending'),
(2356, 42, 95, 'sms', '2017-08-05 17:48:32', 'pending'),
(2357, 42, 96, 'sms', '2017-08-05 17:48:32', 'pending'),
(2358, 42, 97, 'sms', '2017-08-05 17:48:32', 'pending'),
(2359, 42, 98, 'sms', '2017-08-05 17:48:32', 'pending'),
(2360, 42, 99, 'sms', '2017-08-05 17:48:32', 'pending'),
(2361, 42, 100, 'sms', '2017-08-05 17:48:32', 'pending'),
(2362, 42, 101, 'sms', '2017-08-05 17:48:32', 'pending'),
(2363, 42, 102, 'sms', '2017-08-05 17:48:32', 'pending'),
(2364, 42, 103, 'sms', '2017-08-05 17:48:32', 'pending'),
(2365, 42, 104, 'sms', '2017-08-05 17:48:32', 'pending'),
(2366, 42, 105, 'sms', '2017-08-05 17:48:32', 'pending'),
(2367, 42, 106, 'sms', '2017-08-05 17:48:32', 'pending'),
(2368, 42, 107, 'sms', '2017-08-05 17:48:32', 'pending'),
(2369, 42, 108, 'sms', '2017-08-05 17:48:32', 'pending'),
(2370, 42, 109, 'sms', '2017-08-05 17:48:32', 'pending'),
(2371, 42, 110, 'sms', '2017-08-05 17:48:32', 'pending'),
(2372, 42, 111, 'sms', '2017-08-05 17:48:32', 'pending'),
(2373, 42, 112, 'sms', '2017-08-05 17:48:32', 'pending'),
(2374, 42, 113, 'sms', '2017-08-05 17:48:32', 'pending'),
(2375, 42, 114, 'sms', '2017-08-05 17:48:32', 'pending'),
(2376, 42, 115, 'sms', '2017-08-05 17:48:32', 'pending'),
(2377, 42, 116, 'sms', '2017-08-05 17:48:32', 'pending'),
(2378, 42, 117, 'sms', '2017-08-05 17:48:32', 'pending'),
(2379, 42, 118, 'sms', '2017-08-05 17:48:32', 'pending'),
(2380, 42, 119, 'sms', '2017-08-05 17:48:32', 'pending'),
(2381, 42, 120, 'sms', '2017-08-05 17:48:32', 'pending'),
(2382, 42, 121, 'sms', '2017-08-05 17:48:32', 'pending'),
(2383, 42, 122, 'sms', '2017-08-05 17:48:32', 'pending'),
(2384, 42, 123, 'sms', '2017-08-05 17:48:32', 'pending'),
(2385, 42, 124, 'sms', '2017-08-05 17:48:32', 'pending'),
(2386, 42, 125, 'sms', '2017-08-05 17:48:32', 'pending'),
(2387, 42, 126, 'sms', '2017-08-05 17:48:32', 'pending'),
(2388, 42, 127, 'sms', '2017-08-05 17:48:32', 'pending'),
(2389, 42, 128, 'sms', '2017-08-05 17:48:32', 'pending'),
(2390, 42, 129, 'sms', '2017-08-05 17:48:32', 'pending'),
(2391, 42, 130, 'sms', '2017-08-05 17:48:32', 'pending'),
(2392, 42, 131, 'sms', '2017-08-05 17:48:32', 'pending'),
(2393, 42, 132, 'sms', '2017-08-05 17:48:32', 'pending'),
(2394, 42, 133, 'sms', '2017-08-05 17:48:32', 'pending'),
(2395, 42, 134, 'sms', '2017-08-05 17:48:32', 'pending'),
(2396, 42, 135, 'sms', '2017-08-05 17:48:32', 'pending'),
(2397, 42, 136, 'sms', '2017-08-05 17:48:32', 'pending'),
(2398, 42, 137, 'sms', '2017-08-05 17:48:32', 'pending'),
(2399, 42, 138, 'sms', '2017-08-05 17:48:32', 'pending'),
(2400, 42, 139, 'sms', '2017-08-05 17:48:32', 'pending'),
(2401, 42, 140, 'sms', '2017-08-05 17:48:32', 'pending'),
(2402, 42, 141, 'sms', '2017-08-05 17:48:32', 'pending'),
(2403, 42, 142, 'sms', '2017-08-05 17:48:32', 'pending'),
(2404, 42, 143, 'sms', '2017-08-05 17:48:32', 'pending'),
(2405, 42, 144, 'sms', '2017-08-05 17:48:32', 'pending'),
(2406, 42, 145, 'sms', '2017-08-05 17:48:32', 'pending'),
(2407, 42, 146, 'sms', '2017-08-05 17:48:32', 'pending'),
(2408, 42, 147, 'sms', '2017-08-05 17:48:32', 'pending'),
(2409, 42, 148, 'sms', '2017-08-05 17:48:32', 'pending'),
(2410, 42, 149, 'sms', '2017-08-05 17:48:32', 'pending'),
(2411, 42, 150, 'sms', '2017-08-05 17:48:32', 'pending'),
(2412, 42, 151, 'sms', '2017-08-05 17:48:32', 'pending'),
(2413, 42, 152, 'sms', '2017-08-05 17:48:32', 'pending'),
(2414, 42, 153, 'sms', '2017-08-05 17:48:32', 'pending'),
(2415, 42, 154, 'sms', '2017-08-05 17:48:32', 'pending'),
(2416, 42, 155, 'sms', '2017-08-05 17:48:32', 'pending'),
(2417, 42, 156, 'sms', '2017-08-05 17:48:32', 'pending'),
(2418, 42, 157, 'sms', '2017-08-05 17:48:32', 'pending'),
(2419, 42, 158, 'sms', '2017-08-05 17:48:32', 'pending'),
(2420, 42, 159, 'sms', '2017-08-05 17:48:32', 'pending'),
(2421, 42, 160, 'sms', '2017-08-05 17:48:32', 'pending'),
(2422, 42, 161, 'sms', '2017-08-05 17:48:32', 'pending'),
(2423, 42, 162, 'sms', '2017-08-05 17:48:32', 'pending'),
(2424, 42, 163, 'sms', '2017-08-05 17:48:32', 'pending'),
(2425, 42, 164, 'sms', '2017-08-05 17:48:32', 'pending'),
(2426, 42, 165, 'sms', '2017-08-05 17:48:32', 'pending'),
(2427, 42, 166, 'sms', '2017-08-05 17:48:32', 'pending'),
(2428, 42, 167, 'sms', '2017-08-05 17:48:32', 'pending'),
(2429, 42, 168, 'sms', '2017-08-05 17:48:32', 'pending'),
(2430, 42, 169, 'sms', '2017-08-05 17:48:32', 'pending'),
(2431, 42, 466, 'sms', '2017-08-05 17:48:32', 'pending'),
(2432, 43, 239, 'sms', '2017-08-05 17:48:32', 'pending'),
(2433, 44, 6, 'sms', '2017-08-05 17:48:32', 'pending'),
(2434, 45, 4, 'sms', '2017-08-05 17:48:32', 'pending'),
(2435, 45, 6, 'sms', '2017-08-05 17:48:32', 'pending'),
(2436, 45, 9, 'sms', '2017-08-05 17:48:32', 'pending'),
(2437, 45, 11, 'sms', '2017-08-05 17:48:32', 'pending'),
(2438, 45, 12, 'sms', '2017-08-05 17:48:32', 'pending'),
(2439, 45, 13, 'sms', '2017-08-05 17:48:32', 'pending'),
(2440, 45, 15, 'sms', '2017-08-05 17:48:32', 'pending'),
(2441, 45, 17, 'sms', '2017-08-05 17:48:32', 'pending'),
(2442, 45, 18, 'sms', '2017-08-05 17:48:32', 'pending'),
(2443, 45, 19, 'sms', '2017-08-05 17:48:32', 'pending'),
(2444, 45, 3, 'sms', '2017-08-05 17:48:32', 'pending'),
(2445, 45, 20, 'sms', '2017-08-05 17:48:32', 'pending'),
(2446, 45, 21, 'sms', '2017-08-05 17:48:32', 'pending'),
(2447, 45, 22, 'sms', '2017-08-05 17:48:32', 'pending'),
(2448, 45, 23, 'sms', '2017-08-05 17:48:32', 'pending'),
(2449, 45, 24, 'sms', '2017-08-05 17:48:32', 'pending'),
(2450, 45, 25, 'sms', '2017-08-05 17:48:32', 'pending'),
(2451, 45, 26, 'sms', '2017-08-05 17:48:32', 'pending'),
(2452, 45, 27, 'sms', '2017-08-05 17:48:32', 'pending'),
(2453, 45, 28, 'sms', '2017-08-05 17:48:32', 'pending'),
(2454, 45, 29, 'sms', '2017-08-05 17:48:32', 'pending'),
(2455, 45, 30, 'sms', '2017-08-05 17:48:32', 'pending'),
(2456, 45, 31, 'sms', '2017-08-05 17:48:32', 'pending'),
(2457, 45, 32, 'sms', '2017-08-05 17:48:32', 'pending'),
(2458, 45, 33, 'sms', '2017-08-05 17:48:32', 'pending'),
(2459, 45, 34, 'sms', '2017-08-05 17:48:32', 'pending'),
(2460, 45, 35, 'sms', '2017-08-05 17:48:32', 'pending'),
(2461, 45, 36, 'sms', '2017-08-05 17:48:32', 'pending'),
(2462, 45, 37, 'sms', '2017-08-05 17:48:32', 'pending'),
(2463, 45, 38, 'sms', '2017-08-05 17:48:32', 'pending'),
(2464, 45, 39, 'sms', '2017-08-05 17:48:32', 'pending'),
(2465, 45, 40, 'sms', '2017-08-05 17:48:32', 'pending'),
(2466, 45, 41, 'sms', '2017-08-05 17:48:32', 'pending'),
(2467, 45, 42, 'sms', '2017-08-05 17:48:32', 'pending'),
(2468, 45, 43, 'sms', '2017-08-05 17:48:32', 'pending'),
(2469, 45, 44, 'sms', '2017-08-05 17:48:32', 'pending'),
(2470, 45, 45, 'sms', '2017-08-05 17:48:32', 'pending'),
(2471, 45, 46, 'sms', '2017-08-05 17:48:32', 'pending'),
(2472, 45, 47, 'sms', '2017-08-05 17:48:32', 'pending'),
(2473, 45, 48, 'sms', '2017-08-05 17:48:32', 'pending'),
(2474, 45, 49, 'sms', '2017-08-05 17:48:32', 'pending'),
(2475, 45, 50, 'sms', '2017-08-05 17:48:32', 'pending'),
(2476, 45, 52, 'sms', '2017-08-05 17:48:32', 'pending'),
(2477, 45, 53, 'sms', '2017-08-05 17:48:32', 'pending'),
(2478, 45, 54, 'sms', '2017-08-05 17:48:32', 'pending'),
(2479, 45, 55, 'sms', '2017-08-05 17:48:32', 'pending'),
(2480, 45, 56, 'sms', '2017-08-05 17:48:32', 'pending'),
(2481, 45, 57, 'sms', '2017-08-05 17:48:32', 'pending'),
(2482, 45, 58, 'sms', '2017-08-05 17:48:32', 'pending'),
(2483, 45, 59, 'sms', '2017-08-05 17:48:32', 'pending'),
(2484, 45, 60, 'sms', '2017-08-05 17:48:32', 'pending'),
(2485, 45, 61, 'sms', '2017-08-05 17:48:32', 'pending'),
(2486, 45, 62, 'sms', '2017-08-05 17:48:32', 'pending'),
(2487, 45, 63, 'sms', '2017-08-05 17:48:32', 'pending'),
(2488, 45, 64, 'sms', '2017-08-05 17:48:32', 'pending'),
(2489, 45, 65, 'sms', '2017-08-05 17:48:32', 'pending'),
(2490, 45, 66, 'sms', '2017-08-05 17:48:32', 'pending'),
(2491, 45, 67, 'sms', '2017-08-05 17:48:32', 'pending'),
(2492, 45, 68, 'sms', '2017-08-05 17:48:32', 'pending'),
(2493, 45, 69, 'sms', '2017-08-05 17:48:32', 'pending'),
(2494, 45, 70, 'sms', '2017-08-05 17:48:32', 'pending'),
(2495, 45, 71, 'sms', '2017-08-05 17:48:32', 'pending'),
(2496, 45, 72, 'sms', '2017-08-05 17:48:32', 'pending'),
(2497, 45, 73, 'sms', '2017-08-05 17:48:32', 'pending'),
(2498, 45, 74, 'sms', '2017-08-05 17:48:32', 'pending'),
(2499, 45, 75, 'sms', '2017-08-05 17:48:32', 'pending'),
(2500, 45, 76, 'sms', '2017-08-05 17:48:32', 'pending'),
(2501, 45, 77, 'sms', '2017-08-05 17:48:32', 'pending'),
(2502, 45, 78, 'sms', '2017-08-05 17:48:32', 'pending'),
(2503, 45, 79, 'sms', '2017-08-05 17:48:32', 'pending'),
(2504, 45, 80, 'sms', '2017-08-05 17:48:32', 'pending'),
(2505, 45, 81, 'sms', '2017-08-05 17:48:32', 'pending'),
(2506, 45, 82, 'sms', '2017-08-05 17:48:32', 'pending'),
(2507, 45, 83, 'sms', '2017-08-05 17:48:32', 'pending'),
(2508, 45, 84, 'sms', '2017-08-05 17:48:32', 'pending'),
(2509, 45, 85, 'sms', '2017-08-05 17:48:32', 'pending'),
(2510, 45, 86, 'sms', '2017-08-05 17:48:32', 'pending'),
(2511, 45, 87, 'sms', '2017-08-05 17:48:32', 'pending'),
(2512, 45, 88, 'sms', '2017-08-05 17:48:32', 'pending'),
(2513, 45, 89, 'sms', '2017-08-05 17:48:32', 'pending'),
(2514, 45, 90, 'sms', '2017-08-05 17:48:32', 'pending'),
(2515, 45, 91, 'sms', '2017-08-05 17:48:32', 'pending'),
(2516, 45, 92, 'sms', '2017-08-05 17:48:32', 'pending'),
(2517, 45, 93, 'sms', '2017-08-05 17:48:32', 'pending'),
(2518, 45, 94, 'sms', '2017-08-05 17:48:32', 'pending'),
(2519, 45, 95, 'sms', '2017-08-05 17:48:32', 'pending'),
(2520, 45, 96, 'sms', '2017-08-05 17:48:32', 'pending'),
(2521, 45, 97, 'sms', '2017-08-05 17:48:32', 'pending'),
(2522, 45, 98, 'sms', '2017-08-05 17:48:32', 'pending'),
(2523, 45, 99, 'sms', '2017-08-05 17:48:32', 'pending'),
(2524, 45, 100, 'sms', '2017-08-05 17:48:32', 'pending'),
(2525, 45, 101, 'sms', '2017-08-05 17:48:32', 'pending'),
(2526, 45, 102, 'sms', '2017-08-05 17:48:32', 'pending'),
(2527, 45, 103, 'sms', '2017-08-05 17:48:32', 'pending'),
(2528, 45, 104, 'sms', '2017-08-05 17:48:32', 'pending'),
(2529, 45, 105, 'sms', '2017-08-05 17:48:32', 'pending'),
(2530, 45, 106, 'sms', '2017-08-05 17:48:32', 'pending'),
(2531, 45, 107, 'sms', '2017-08-05 17:48:32', 'pending'),
(2532, 45, 108, 'sms', '2017-08-05 17:48:32', 'pending'),
(2533, 45, 109, 'sms', '2017-08-05 17:48:32', 'pending'),
(2534, 45, 110, 'sms', '2017-08-05 17:48:32', 'pending'),
(2535, 45, 111, 'sms', '2017-08-05 17:48:32', 'pending'),
(2536, 45, 112, 'sms', '2017-08-05 17:48:32', 'pending'),
(2537, 45, 113, 'sms', '2017-08-05 17:48:32', 'pending'),
(2538, 45, 114, 'sms', '2017-08-05 17:48:32', 'pending'),
(2539, 45, 115, 'sms', '2017-08-05 17:48:32', 'pending'),
(2540, 45, 116, 'sms', '2017-08-05 17:48:32', 'pending'),
(2541, 45, 117, 'sms', '2017-08-05 17:48:32', 'pending'),
(2542, 45, 118, 'sms', '2017-08-05 17:48:32', 'pending'),
(2543, 45, 119, 'sms', '2017-08-05 17:48:32', 'pending'),
(2544, 45, 120, 'sms', '2017-08-05 17:48:32', 'pending'),
(2545, 45, 121, 'sms', '2017-08-05 17:48:32', 'pending'),
(2546, 45, 122, 'sms', '2017-08-05 17:48:32', 'pending'),
(2547, 45, 123, 'sms', '2017-08-05 17:48:32', 'pending'),
(2548, 45, 124, 'sms', '2017-08-05 17:48:32', 'pending'),
(2549, 45, 125, 'sms', '2017-08-05 17:48:32', 'pending'),
(2550, 45, 126, 'sms', '2017-08-05 17:48:32', 'pending'),
(2551, 45, 127, 'sms', '2017-08-05 17:48:32', 'pending'),
(2552, 45, 128, 'sms', '2017-08-05 17:48:32', 'pending'),
(2553, 45, 129, 'sms', '2017-08-05 17:48:32', 'pending'),
(2554, 45, 130, 'sms', '2017-08-05 17:48:32', 'pending'),
(2555, 45, 131, 'sms', '2017-08-05 17:48:32', 'pending'),
(2556, 45, 132, 'sms', '2017-08-05 17:48:32', 'pending'),
(2557, 45, 133, 'sms', '2017-08-05 17:48:32', 'pending'),
(2558, 45, 134, 'sms', '2017-08-05 17:48:32', 'pending'),
(2559, 45, 135, 'sms', '2017-08-05 17:48:32', 'pending'),
(2560, 45, 136, 'sms', '2017-08-05 17:48:32', 'pending'),
(2561, 45, 137, 'sms', '2017-08-05 17:48:32', 'pending'),
(2562, 45, 138, 'sms', '2017-08-05 17:48:32', 'pending'),
(2563, 45, 139, 'sms', '2017-08-05 17:48:32', 'pending'),
(2564, 45, 140, 'sms', '2017-08-05 17:48:32', 'pending'),
(2565, 45, 141, 'sms', '2017-08-05 17:48:32', 'pending'),
(2566, 45, 142, 'sms', '2017-08-05 17:48:32', 'pending'),
(2567, 45, 143, 'sms', '2017-08-05 17:48:32', 'pending'),
(2568, 45, 144, 'sms', '2017-08-05 17:48:32', 'pending'),
(2569, 45, 145, 'sms', '2017-08-05 17:48:32', 'pending'),
(2570, 45, 146, 'sms', '2017-08-05 17:48:32', 'pending'),
(2571, 45, 147, 'sms', '2017-08-05 17:48:32', 'pending'),
(2572, 45, 148, 'sms', '2017-08-05 17:48:32', 'pending'),
(2573, 45, 149, 'sms', '2017-08-05 17:48:32', 'pending'),
(2574, 45, 150, 'sms', '2017-08-05 17:48:32', 'pending'),
(2575, 45, 151, 'sms', '2017-08-05 17:48:32', 'pending'),
(2576, 45, 152, 'sms', '2017-08-05 17:48:32', 'pending'),
(2577, 45, 153, 'sms', '2017-08-05 17:48:32', 'pending'),
(2578, 45, 154, 'sms', '2017-08-05 17:48:32', 'pending'),
(2579, 45, 155, 'sms', '2017-08-05 17:48:32', 'pending'),
(2580, 45, 156, 'sms', '2017-08-05 17:48:32', 'pending'),
(2581, 45, 157, 'sms', '2017-08-05 17:48:32', 'pending'),
(2582, 45, 158, 'sms', '2017-08-05 17:48:32', 'pending'),
(2583, 45, 159, 'sms', '2017-08-05 17:48:32', 'pending'),
(2584, 45, 160, 'sms', '2017-08-05 17:48:32', 'pending'),
(2585, 45, 161, 'sms', '2017-08-05 17:48:32', 'pending'),
(2586, 45, 162, 'sms', '2017-08-05 17:48:32', 'pending'),
(2587, 45, 163, 'sms', '2017-08-05 17:48:32', 'pending'),
(2588, 45, 164, 'sms', '2017-08-05 17:48:32', 'pending'),
(2589, 45, 165, 'sms', '2017-08-05 17:48:32', 'pending'),
(2590, 45, 166, 'sms', '2017-08-05 17:48:32', 'pending'),
(2591, 45, 167, 'sms', '2017-08-05 17:48:32', 'pending'),
(2592, 45, 168, 'sms', '2017-08-05 17:48:32', 'pending'),
(2593, 45, 169, 'sms', '2017-08-05 17:48:32', 'pending'),
(2594, 45, 466, 'sms', '2017-08-05 17:48:32', 'pending'),
(2595, 46, 6, 'sms', '2017-08-05 17:48:32', 'pending'),
(2596, 47, 4, 'sms', '2017-08-05 17:48:32', 'pending'),
(2597, 47, 6, 'sms', '2017-08-05 17:48:32', 'pending'),
(2598, 47, 9, 'sms', '2017-08-05 17:48:32', 'pending'),
(2599, 47, 11, 'sms', '2017-08-05 17:48:32', 'pending'),
(2600, 47, 12, 'sms', '2017-08-05 17:48:32', 'pending'),
(2601, 47, 13, 'sms', '2017-08-05 17:48:32', 'pending'),
(2602, 47, 15, 'sms', '2017-08-05 17:48:32', 'pending'),
(2603, 47, 17, 'sms', '2017-08-05 17:48:32', 'pending'),
(2604, 47, 18, 'sms', '2017-08-05 17:48:32', 'pending'),
(2605, 47, 19, 'sms', '2017-08-05 17:48:32', 'pending'),
(2606, 47, 3, 'sms', '2017-08-05 17:48:32', 'pending'),
(2607, 47, 20, 'sms', '2017-08-05 17:48:32', 'pending'),
(2608, 47, 21, 'sms', '2017-08-05 17:48:32', 'pending'),
(2609, 47, 22, 'sms', '2017-08-05 17:48:32', 'pending'),
(2610, 47, 23, 'sms', '2017-08-05 17:48:32', 'pending'),
(2611, 47, 24, 'sms', '2017-08-05 17:48:32', 'pending'),
(2612, 47, 25, 'sms', '2017-08-05 17:48:32', 'pending'),
(2613, 47, 26, 'sms', '2017-08-05 17:48:32', 'pending'),
(2614, 47, 27, 'sms', '2017-08-05 17:48:32', 'pending'),
(2615, 47, 28, 'sms', '2017-08-05 17:48:32', 'pending'),
(2616, 47, 29, 'sms', '2017-08-05 17:48:32', 'pending'),
(2617, 47, 30, 'sms', '2017-08-05 17:48:32', 'pending'),
(2618, 47, 31, 'sms', '2017-08-05 17:48:32', 'pending'),
(2619, 47, 32, 'sms', '2017-08-05 17:48:32', 'pending'),
(2620, 47, 33, 'sms', '2017-08-05 17:48:32', 'pending'),
(2621, 47, 34, 'sms', '2017-08-05 17:48:32', 'pending'),
(2622, 47, 35, 'sms', '2017-08-05 17:48:32', 'pending'),
(2623, 47, 36, 'sms', '2017-08-05 17:48:32', 'pending'),
(2624, 47, 37, 'sms', '2017-08-05 17:48:32', 'pending'),
(2625, 47, 38, 'sms', '2017-08-05 17:48:32', 'pending'),
(2626, 47, 39, 'sms', '2017-08-05 17:48:32', 'pending'),
(2627, 47, 40, 'sms', '2017-08-05 17:48:32', 'pending'),
(2628, 47, 41, 'sms', '2017-08-05 17:48:32', 'pending'),
(2629, 47, 42, 'sms', '2017-08-05 17:48:32', 'pending'),
(2630, 47, 43, 'sms', '2017-08-05 17:48:32', 'pending'),
(2631, 47, 44, 'sms', '2017-08-05 17:48:32', 'pending'),
(2632, 47, 45, 'sms', '2017-08-05 17:48:32', 'pending'),
(2633, 47, 46, 'sms', '2017-08-05 17:48:32', 'pending'),
(2634, 47, 47, 'sms', '2017-08-05 17:48:32', 'pending'),
(2635, 47, 48, 'sms', '2017-08-05 17:48:32', 'pending'),
(2636, 47, 49, 'sms', '2017-08-05 17:48:32', 'pending'),
(2637, 47, 50, 'sms', '2017-08-05 17:48:32', 'pending'),
(2638, 47, 52, 'sms', '2017-08-05 17:48:32', 'pending'),
(2639, 47, 53, 'sms', '2017-08-05 17:48:32', 'pending'),
(2640, 47, 54, 'sms', '2017-08-05 17:48:32', 'pending'),
(2641, 47, 55, 'sms', '2017-08-05 17:48:32', 'pending'),
(2642, 47, 56, 'sms', '2017-08-05 17:48:32', 'pending'),
(2643, 47, 57, 'sms', '2017-08-05 17:48:32', 'pending'),
(2644, 47, 58, 'sms', '2017-08-05 17:48:32', 'pending'),
(2645, 47, 59, 'sms', '2017-08-05 17:48:32', 'pending'),
(2646, 47, 60, 'sms', '2017-08-05 17:48:32', 'pending'),
(2647, 47, 61, 'sms', '2017-08-05 17:48:32', 'pending'),
(2648, 47, 62, 'sms', '2017-08-05 17:48:32', 'pending'),
(2649, 47, 63, 'sms', '2017-08-05 17:48:32', 'pending'),
(2650, 47, 64, 'sms', '2017-08-05 17:48:32', 'pending'),
(2651, 47, 65, 'sms', '2017-08-05 17:48:32', 'pending'),
(2652, 47, 66, 'sms', '2017-08-05 17:48:32', 'pending'),
(2653, 47, 67, 'sms', '2017-08-05 17:48:32', 'pending'),
(2654, 47, 68, 'sms', '2017-08-05 17:48:32', 'pending'),
(2655, 47, 69, 'sms', '2017-08-05 17:48:32', 'pending'),
(2656, 47, 70, 'sms', '2017-08-05 17:48:32', 'pending'),
(2657, 47, 71, 'sms', '2017-08-05 17:48:32', 'pending'),
(2658, 47, 72, 'sms', '2017-08-05 17:48:32', 'pending'),
(2659, 47, 73, 'sms', '2017-08-05 17:48:32', 'pending'),
(2660, 47, 74, 'sms', '2017-08-05 17:48:32', 'pending'),
(2661, 47, 75, 'sms', '2017-08-05 17:48:32', 'pending'),
(2662, 47, 76, 'sms', '2017-08-05 17:48:32', 'pending'),
(2663, 47, 77, 'sms', '2017-08-05 17:48:32', 'pending'),
(2664, 47, 78, 'sms', '2017-08-05 17:48:32', 'pending'),
(2665, 47, 79, 'sms', '2017-08-05 17:48:32', 'pending'),
(2666, 47, 80, 'sms', '2017-08-05 17:48:32', 'pending'),
(2667, 47, 81, 'sms', '2017-08-05 17:48:32', 'pending'),
(2668, 47, 82, 'sms', '2017-08-05 17:48:32', 'pending'),
(2669, 47, 83, 'sms', '2017-08-05 17:48:32', 'pending'),
(2670, 47, 84, 'sms', '2017-08-05 17:48:32', 'pending'),
(2671, 47, 85, 'sms', '2017-08-05 17:48:32', 'pending'),
(2672, 47, 86, 'sms', '2017-08-05 17:48:32', 'pending'),
(2673, 47, 87, 'sms', '2017-08-05 17:48:32', 'pending'),
(2674, 47, 88, 'sms', '2017-08-05 17:48:32', 'pending'),
(2675, 47, 89, 'sms', '2017-08-05 17:48:32', 'pending'),
(2676, 47, 90, 'sms', '2017-08-05 17:48:32', 'pending'),
(2677, 47, 91, 'sms', '2017-08-05 17:48:32', 'pending'),
(2678, 47, 92, 'sms', '2017-08-05 17:48:32', 'pending'),
(2679, 47, 93, 'sms', '2017-08-05 17:48:32', 'pending'),
(2680, 47, 94, 'sms', '2017-08-05 17:48:32', 'pending'),
(2681, 47, 95, 'sms', '2017-08-05 17:48:32', 'pending'),
(2682, 47, 96, 'sms', '2017-08-05 17:48:32', 'pending'),
(2683, 47, 97, 'sms', '2017-08-05 17:48:32', 'pending'),
(2684, 47, 98, 'sms', '2017-08-05 17:48:32', 'pending'),
(2685, 47, 99, 'sms', '2017-08-05 17:48:32', 'pending'),
(2686, 47, 100, 'sms', '2017-08-05 17:48:32', 'pending'),
(2687, 47, 101, 'sms', '2017-08-05 17:48:32', 'pending'),
(2688, 47, 102, 'sms', '2017-08-05 17:48:32', 'pending'),
(2689, 47, 103, 'sms', '2017-08-05 17:48:32', 'pending'),
(2690, 47, 104, 'sms', '2017-08-05 17:48:32', 'pending'),
(2691, 47, 105, 'sms', '2017-08-05 17:48:32', 'pending'),
(2692, 47, 106, 'sms', '2017-08-05 17:48:32', 'pending'),
(2693, 47, 107, 'sms', '2017-08-05 17:48:32', 'pending'),
(2694, 47, 108, 'sms', '2017-08-05 17:48:32', 'pending'),
(2695, 47, 109, 'sms', '2017-08-05 17:48:32', 'pending'),
(2696, 47, 110, 'sms', '2017-08-05 17:48:32', 'pending'),
(2697, 47, 111, 'sms', '2017-08-05 17:48:32', 'pending'),
(2698, 47, 112, 'sms', '2017-08-05 17:48:32', 'pending'),
(2699, 47, 113, 'sms', '2017-08-05 17:48:32', 'pending'),
(2700, 47, 114, 'sms', '2017-08-05 17:48:32', 'pending'),
(2701, 47, 115, 'sms', '2017-08-05 17:48:32', 'pending'),
(2702, 47, 116, 'sms', '2017-08-05 17:48:32', 'pending'),
(2703, 47, 117, 'sms', '2017-08-05 17:48:32', 'pending'),
(2704, 47, 118, 'sms', '2017-08-05 17:48:32', 'pending'),
(2705, 47, 119, 'sms', '2017-08-05 17:48:32', 'pending'),
(2706, 47, 120, 'sms', '2017-08-05 17:48:32', 'pending'),
(2707, 47, 121, 'sms', '2017-08-05 17:48:32', 'pending'),
(2708, 47, 122, 'sms', '2017-08-05 17:48:32', 'pending'),
(2709, 47, 123, 'sms', '2017-08-05 17:48:32', 'pending'),
(2710, 47, 124, 'sms', '2017-08-05 17:48:32', 'pending'),
(2711, 47, 125, 'sms', '2017-08-05 17:48:32', 'pending'),
(2712, 47, 126, 'sms', '2017-08-05 17:48:32', 'pending'),
(2713, 47, 127, 'sms', '2017-08-05 17:48:32', 'pending'),
(2714, 47, 128, 'sms', '2017-08-05 17:48:32', 'pending'),
(2715, 47, 129, 'sms', '2017-08-05 17:48:32', 'pending'),
(2716, 47, 130, 'sms', '2017-08-05 17:48:32', 'pending'),
(2717, 47, 131, 'sms', '2017-08-05 17:48:32', 'pending');
INSERT INTO `mthreads` (`id`, `message`, `receiver`, `channel`, `time`, `status`) VALUES
(2718, 47, 132, 'sms', '2017-08-05 17:48:32', 'pending'),
(2719, 47, 133, 'sms', '2017-08-05 17:48:32', 'pending'),
(2720, 47, 134, 'sms', '2017-08-05 17:48:32', 'pending'),
(2721, 47, 135, 'sms', '2017-08-05 17:48:32', 'pending'),
(2722, 47, 136, 'sms', '2017-08-05 17:48:32', 'pending'),
(2723, 47, 137, 'sms', '2017-08-05 17:48:32', 'pending'),
(2724, 47, 138, 'sms', '2017-08-05 17:48:32', 'pending'),
(2725, 47, 139, 'sms', '2017-08-05 17:48:32', 'pending'),
(2726, 47, 140, 'sms', '2017-08-05 17:48:32', 'pending'),
(2727, 47, 141, 'sms', '2017-08-05 17:48:32', 'pending'),
(2728, 47, 142, 'sms', '2017-08-05 17:48:32', 'pending'),
(2729, 47, 143, 'sms', '2017-08-05 17:48:32', 'pending'),
(2730, 47, 144, 'sms', '2017-08-05 17:48:32', 'pending'),
(2731, 47, 145, 'sms', '2017-08-05 17:48:32', 'pending'),
(2732, 47, 146, 'sms', '2017-08-05 17:48:32', 'pending'),
(2733, 47, 147, 'sms', '2017-08-05 17:48:32', 'pending'),
(2734, 47, 148, 'sms', '2017-08-05 17:48:32', 'pending'),
(2735, 47, 149, 'sms', '2017-08-05 17:48:32', 'pending'),
(2736, 47, 150, 'sms', '2017-08-05 17:48:32', 'pending'),
(2737, 47, 151, 'sms', '2017-08-05 17:48:32', 'pending'),
(2738, 47, 152, 'sms', '2017-08-05 17:48:32', 'pending'),
(2739, 47, 153, 'sms', '2017-08-05 17:48:32', 'pending'),
(2740, 47, 154, 'sms', '2017-08-05 17:48:32', 'pending'),
(2741, 47, 155, 'sms', '2017-08-05 17:48:32', 'pending'),
(2742, 47, 156, 'sms', '2017-08-05 17:48:32', 'pending'),
(2743, 47, 157, 'sms', '2017-08-05 17:48:32', 'pending'),
(2744, 47, 158, 'sms', '2017-08-05 17:48:32', 'pending'),
(2745, 47, 159, 'sms', '2017-08-05 17:48:32', 'pending'),
(2746, 47, 160, 'sms', '2017-08-05 17:48:32', 'pending'),
(2747, 47, 161, 'sms', '2017-08-05 17:48:32', 'pending'),
(2748, 47, 162, 'sms', '2017-08-05 17:48:32', 'pending'),
(2749, 47, 163, 'sms', '2017-08-05 17:48:32', 'pending'),
(2750, 47, 164, 'sms', '2017-08-05 17:48:32', 'pending'),
(2751, 47, 165, 'sms', '2017-08-05 17:48:32', 'pending'),
(2752, 47, 166, 'sms', '2017-08-05 17:48:32', 'pending'),
(2753, 47, 167, 'sms', '2017-08-05 17:48:32', 'pending'),
(2754, 47, 168, 'sms', '2017-08-05 17:48:32', 'pending'),
(2755, 47, 169, 'sms', '2017-08-05 17:48:32', 'pending'),
(2756, 47, 466, 'sms', '2017-08-05 17:48:32', 'pending'),
(2757, 48, 4, 'sms', '2017-08-05 17:48:32', 'pending'),
(2758, 48, 6, 'sms', '2017-08-05 17:48:32', 'pending'),
(2759, 48, 9, 'sms', '2017-08-05 17:48:32', 'pending'),
(2760, 48, 11, 'sms', '2017-08-05 17:48:32', 'pending'),
(2761, 48, 12, 'sms', '2017-08-05 17:48:32', 'pending'),
(2762, 48, 13, 'sms', '2017-08-05 17:48:32', 'pending'),
(2763, 48, 15, 'sms', '2017-08-05 17:48:32', 'pending'),
(2764, 48, 17, 'sms', '2017-08-05 17:48:32', 'pending'),
(2765, 48, 18, 'sms', '2017-08-05 17:48:32', 'pending'),
(2766, 48, 19, 'sms', '2017-08-05 17:48:32', 'pending'),
(2767, 48, 3, 'sms', '2017-08-05 17:48:32', 'pending'),
(2768, 48, 20, 'sms', '2017-08-05 17:48:32', 'pending'),
(2769, 48, 21, 'sms', '2017-08-05 17:48:32', 'pending'),
(2770, 48, 22, 'sms', '2017-08-05 17:48:32', 'pending'),
(2771, 48, 23, 'sms', '2017-08-05 17:48:32', 'pending'),
(2772, 48, 24, 'sms', '2017-08-05 17:48:32', 'pending'),
(2773, 48, 25, 'sms', '2017-08-05 17:48:32', 'pending'),
(2774, 48, 26, 'sms', '2017-08-05 17:48:32', 'pending'),
(2775, 48, 27, 'sms', '2017-08-05 17:48:32', 'pending'),
(2776, 48, 28, 'sms', '2017-08-05 17:48:32', 'pending'),
(2777, 48, 29, 'sms', '2017-08-05 17:48:32', 'pending'),
(2778, 48, 30, 'sms', '2017-08-05 17:48:32', 'pending'),
(2779, 48, 31, 'sms', '2017-08-05 17:48:32', 'pending'),
(2780, 48, 32, 'sms', '2017-08-05 17:48:32', 'pending'),
(2781, 48, 33, 'sms', '2017-08-05 17:48:32', 'pending'),
(2782, 48, 34, 'sms', '2017-08-05 17:48:32', 'pending'),
(2783, 48, 35, 'sms', '2017-08-05 17:48:32', 'pending'),
(2784, 48, 36, 'sms', '2017-08-05 17:48:32', 'pending'),
(2785, 48, 37, 'sms', '2017-08-05 17:48:32', 'pending'),
(2786, 48, 38, 'sms', '2017-08-05 17:48:32', 'pending'),
(2787, 48, 39, 'sms', '2017-08-05 17:48:32', 'pending'),
(2788, 48, 40, 'sms', '2017-08-05 17:48:32', 'pending'),
(2789, 48, 41, 'sms', '2017-08-05 17:48:32', 'pending'),
(2790, 48, 42, 'sms', '2017-08-05 17:48:32', 'pending'),
(2791, 48, 43, 'sms', '2017-08-05 17:48:32', 'pending'),
(2792, 48, 44, 'sms', '2017-08-05 17:48:32', 'pending'),
(2793, 48, 45, 'sms', '2017-08-05 17:48:32', 'pending'),
(2794, 48, 46, 'sms', '2017-08-05 17:48:32', 'pending'),
(2795, 48, 47, 'sms', '2017-08-05 17:48:32', 'pending'),
(2796, 48, 48, 'sms', '2017-08-05 17:48:32', 'pending'),
(2797, 48, 49, 'sms', '2017-08-05 17:48:32', 'pending'),
(2798, 48, 50, 'sms', '2017-08-05 17:48:32', 'pending'),
(2799, 48, 52, 'sms', '2017-08-05 17:48:32', 'pending'),
(2800, 48, 53, 'sms', '2017-08-05 17:48:32', 'pending'),
(2801, 48, 54, 'sms', '2017-08-05 17:48:32', 'pending'),
(2802, 48, 55, 'sms', '2017-08-05 17:48:32', 'pending'),
(2803, 48, 56, 'sms', '2017-08-05 17:48:32', 'pending'),
(2804, 48, 57, 'sms', '2017-08-05 17:48:32', 'pending'),
(2805, 48, 58, 'sms', '2017-08-05 17:48:32', 'pending'),
(2806, 48, 59, 'sms', '2017-08-05 17:48:32', 'pending'),
(2807, 48, 60, 'sms', '2017-08-05 17:48:32', 'pending'),
(2808, 48, 61, 'sms', '2017-08-05 17:48:32', 'pending'),
(2809, 48, 62, 'sms', '2017-08-05 17:48:32', 'pending'),
(2810, 48, 63, 'sms', '2017-08-05 17:48:32', 'pending'),
(2811, 48, 64, 'sms', '2017-08-05 17:48:32', 'pending'),
(2812, 48, 65, 'sms', '2017-08-05 17:48:32', 'pending'),
(2813, 48, 66, 'sms', '2017-08-05 17:48:32', 'pending'),
(2814, 48, 67, 'sms', '2017-08-05 17:48:32', 'pending'),
(2815, 48, 68, 'sms', '2017-08-05 17:48:32', 'pending'),
(2816, 48, 69, 'sms', '2017-08-05 17:48:32', 'pending'),
(2817, 48, 70, 'sms', '2017-08-05 17:48:32', 'pending'),
(2818, 48, 71, 'sms', '2017-08-05 17:48:32', 'pending'),
(2819, 48, 72, 'sms', '2017-08-05 17:48:32', 'pending'),
(2820, 48, 73, 'sms', '2017-08-05 17:48:32', 'pending'),
(2821, 48, 74, 'sms', '2017-08-05 17:48:32', 'pending'),
(2822, 48, 75, 'sms', '2017-08-05 17:48:32', 'pending'),
(2823, 48, 76, 'sms', '2017-08-05 17:48:32', 'pending'),
(2824, 48, 77, 'sms', '2017-08-05 17:48:32', 'pending'),
(2825, 48, 78, 'sms', '2017-08-05 17:48:32', 'pending'),
(2826, 48, 79, 'sms', '2017-08-05 17:48:32', 'pending'),
(2827, 48, 80, 'sms', '2017-08-05 17:48:32', 'pending'),
(2828, 48, 81, 'sms', '2017-08-05 17:48:32', 'pending'),
(2829, 48, 82, 'sms', '2017-08-05 17:48:32', 'pending'),
(2830, 48, 83, 'sms', '2017-08-05 17:48:32', 'pending'),
(2831, 48, 84, 'sms', '2017-08-05 17:48:32', 'pending'),
(2832, 48, 85, 'sms', '2017-08-05 17:48:32', 'pending'),
(2833, 48, 86, 'sms', '2017-08-05 17:48:32', 'pending'),
(2834, 48, 87, 'sms', '2017-08-05 17:48:32', 'pending'),
(2835, 48, 88, 'sms', '2017-08-05 17:48:32', 'pending'),
(2836, 48, 89, 'sms', '2017-08-05 17:48:32', 'pending'),
(2837, 48, 90, 'sms', '2017-08-05 17:48:32', 'pending'),
(2838, 48, 91, 'sms', '2017-08-05 17:48:32', 'pending'),
(2839, 48, 92, 'sms', '2017-08-05 17:48:32', 'pending'),
(2840, 48, 93, 'sms', '2017-08-05 17:48:32', 'pending'),
(2841, 48, 94, 'sms', '2017-08-05 17:48:32', 'pending'),
(2842, 48, 95, 'sms', '2017-08-05 17:48:32', 'pending'),
(2843, 48, 96, 'sms', '2017-08-05 17:48:32', 'pending'),
(2844, 48, 97, 'sms', '2017-08-05 17:48:32', 'pending'),
(2845, 48, 98, 'sms', '2017-08-05 17:48:32', 'pending'),
(2846, 48, 99, 'sms', '2017-08-05 17:48:32', 'pending'),
(2847, 48, 100, 'sms', '2017-08-05 17:48:32', 'pending'),
(2848, 48, 101, 'sms', '2017-08-05 17:48:32', 'pending'),
(2849, 48, 102, 'sms', '2017-08-05 17:48:32', 'pending'),
(2850, 48, 103, 'sms', '2017-08-05 17:48:32', 'pending'),
(2851, 48, 104, 'sms', '2017-08-05 17:48:32', 'pending'),
(2852, 48, 105, 'sms', '2017-08-05 17:48:32', 'pending'),
(2853, 48, 106, 'sms', '2017-08-05 17:48:32', 'pending'),
(2854, 48, 107, 'sms', '2017-08-05 17:48:32', 'pending'),
(2855, 48, 108, 'sms', '2017-08-05 17:48:32', 'pending'),
(2856, 48, 109, 'sms', '2017-08-05 17:48:32', 'pending'),
(2857, 48, 110, 'sms', '2017-08-05 17:48:32', 'pending'),
(2858, 48, 111, 'sms', '2017-08-05 17:48:32', 'pending'),
(2859, 48, 112, 'sms', '2017-08-05 17:48:32', 'pending'),
(2860, 48, 113, 'sms', '2017-08-05 17:48:32', 'pending'),
(2861, 48, 114, 'sms', '2017-08-05 17:48:32', 'pending'),
(2862, 48, 115, 'sms', '2017-08-05 17:48:32', 'pending'),
(2863, 48, 116, 'sms', '2017-08-05 17:48:32', 'pending'),
(2864, 48, 117, 'sms', '2017-08-05 17:48:32', 'pending'),
(2865, 48, 118, 'sms', '2017-08-05 17:48:32', 'pending'),
(2866, 48, 119, 'sms', '2017-08-05 17:48:32', 'pending'),
(2867, 48, 120, 'sms', '2017-08-05 17:48:32', 'pending'),
(2868, 48, 121, 'sms', '2017-08-05 17:48:32', 'pending'),
(2869, 48, 122, 'sms', '2017-08-05 17:48:32', 'pending'),
(2870, 48, 123, 'sms', '2017-08-05 17:48:32', 'pending'),
(2871, 48, 124, 'sms', '2017-08-05 17:48:32', 'pending'),
(2872, 48, 125, 'sms', '2017-08-05 17:48:32', 'pending'),
(2873, 48, 126, 'sms', '2017-08-05 17:48:32', 'pending'),
(2874, 48, 127, 'sms', '2017-08-05 17:48:32', 'pending'),
(2875, 48, 128, 'sms', '2017-08-05 17:48:32', 'pending'),
(2876, 48, 129, 'sms', '2017-08-05 17:48:32', 'pending'),
(2877, 48, 130, 'sms', '2017-08-05 17:48:32', 'pending'),
(2878, 48, 131, 'sms', '2017-08-05 17:48:32', 'pending'),
(2879, 48, 132, 'sms', '2017-08-05 17:48:32', 'pending'),
(2880, 48, 133, 'sms', '2017-08-05 17:48:32', 'pending'),
(2881, 48, 134, 'sms', '2017-08-05 17:48:32', 'pending'),
(2882, 48, 135, 'sms', '2017-08-05 17:48:32', 'pending'),
(2883, 48, 136, 'sms', '2017-08-05 17:48:32', 'pending'),
(2884, 48, 137, 'sms', '2017-08-05 17:48:32', 'pending'),
(2885, 48, 138, 'sms', '2017-08-05 17:48:32', 'pending'),
(2886, 48, 139, 'sms', '2017-08-05 17:48:32', 'pending'),
(2887, 48, 140, 'sms', '2017-08-05 17:48:32', 'pending'),
(2888, 48, 141, 'sms', '2017-08-05 17:48:32', 'pending'),
(2889, 48, 142, 'sms', '2017-08-05 17:48:32', 'pending'),
(2890, 48, 143, 'sms', '2017-08-05 17:48:32', 'pending'),
(2891, 48, 144, 'sms', '2017-08-05 17:48:32', 'pending'),
(2892, 48, 145, 'sms', '2017-08-05 17:48:32', 'pending'),
(2893, 48, 146, 'sms', '2017-08-05 17:48:32', 'pending'),
(2894, 48, 147, 'sms', '2017-08-05 17:48:32', 'pending'),
(2895, 48, 148, 'sms', '2017-08-05 17:48:32', 'pending'),
(2896, 48, 149, 'sms', '2017-08-05 17:48:32', 'pending'),
(2897, 48, 150, 'sms', '2017-08-05 17:48:32', 'pending'),
(2898, 48, 151, 'sms', '2017-08-05 17:48:32', 'pending'),
(2899, 48, 152, 'sms', '2017-08-05 17:48:32', 'pending'),
(2900, 48, 153, 'sms', '2017-08-05 17:48:32', 'pending'),
(2901, 48, 154, 'sms', '2017-08-05 17:48:32', 'pending'),
(2902, 48, 155, 'sms', '2017-08-05 17:48:32', 'pending'),
(2903, 48, 156, 'sms', '2017-08-05 17:48:32', 'pending'),
(2904, 48, 157, 'sms', '2017-08-05 17:48:32', 'pending'),
(2905, 48, 158, 'sms', '2017-08-05 17:48:32', 'pending'),
(2906, 48, 159, 'sms', '2017-08-05 17:48:32', 'pending'),
(2907, 48, 160, 'sms', '2017-08-05 17:48:32', 'pending'),
(2908, 48, 161, 'sms', '2017-08-05 17:48:32', 'pending'),
(2909, 48, 162, 'sms', '2017-08-05 17:48:32', 'pending'),
(2910, 48, 163, 'sms', '2017-08-05 17:48:32', 'pending'),
(2911, 48, 164, 'sms', '2017-08-05 17:48:32', 'pending'),
(2912, 48, 165, 'sms', '2017-08-05 17:48:32', 'pending'),
(2913, 48, 166, 'sms', '2017-08-05 17:48:32', 'pending'),
(2914, 48, 167, 'sms', '2017-08-05 17:48:32', 'pending'),
(2915, 48, 168, 'sms', '2017-08-05 17:48:32', 'pending'),
(2916, 48, 169, 'sms', '2017-08-05 17:48:32', 'pending'),
(2917, 48, 466, 'sms', '2017-08-05 17:48:32', 'pending'),
(2918, 49, 4, 'sms', '2017-08-05 17:48:32', 'pending'),
(2919, 50, 237, 'sms', '2017-08-05 17:48:32', 'sent'),
(2920, 50, 6, 'sms', '2017-08-05 17:48:32', 'sent'),
(2921, 50, 239, 'sms', '2017-08-05 17:48:32', 'sent'),
(2922, 50, 240, 'sms', '2017-08-05 17:48:32', 'sent'),
(2923, 51, 237, 'sms', '2017-08-05 17:48:32', 'sent'),
(2924, 51, 6, 'sms', '2017-08-05 17:48:32', 'sent'),
(2925, 51, 239, 'sms', '2017-08-05 17:48:32', 'sent'),
(2926, 51, 240, 'sms', '2017-08-05 17:48:32', 'sent'),
(2927, 51, 9, 'sms', '2017-08-05 17:48:32', 'sent'),
(2928, 51, 242, 'sms', '2017-08-05 17:48:32', 'sent'),
(2929, 52, 237, 'sms', '2017-08-05 17:48:32', 'sent'),
(2930, 52, 6, 'sms', '2017-08-05 17:48:32', 'sent'),
(2931, 53, 4, 'sms', '2017-08-05 17:48:32', 'sent'),
(2932, 53, 237, 'sms', '2017-08-05 17:48:32', 'sent'),
(2933, 53, 6, 'sms', '2017-08-05 17:48:32', 'sent'),
(2934, 54, 237, 'sms', '2017-08-05 17:48:32', 'sent'),
(2935, 54, 6, 'sms', '2017-08-05 17:48:32', 'sent'),
(2936, 54, 239, 'sms', '2017-08-05 17:48:32', 'sent'),
(2937, 54, 240, 'sms', '2017-08-05 17:48:32', 'sent'),
(2938, 55, 237, 'sms', '2017-08-05 17:48:32', 'sent'),
(2939, 55, 6, 'sms', '2017-08-05 17:48:32', 'sent'),
(2940, 55, 239, 'sms', '2017-08-05 17:48:32', 'sent'),
(2941, 56, 4, 'sms', '2017-08-05 17:48:32', 'sent'),
(2942, 56, 237, 'sms', '2017-08-05 17:48:32', 'sent'),
(2943, 57, 4, 'sms', '2017-08-05 17:48:32', 'sent'),
(2944, 57, 237, 'sms', '2017-08-05 17:48:32', 'sent'),
(2945, 58, 239, 'sms', '2017-08-05 17:48:32', 'sent'),
(2946, 58, 240, 'sms', '2017-08-05 17:48:32', 'sent'),
(2947, 58, 9, 'sms', '2017-08-05 17:48:32', 'sent'),
(3415, 62, 242, 'sms', '2017-08-05 21:19:32', 'sent'),
(3416, 2, 237, 'app', '2017-08-05 22:33:15', 'blocked'),
(3417, 2, 4, 'sms', '2017-08-05 17:48:32', 'sent'),
(3418, 2, 4, 'sms', '2017-08-05 17:48:32', 'sent'),
(3419, 63, 4, 'sms', '2017-08-06 00:33:29', 'sent'),
(3420, 63, 237, 'sms', '2017-08-06 00:33:32', 'sent');

-- --------------------------------------------------------

--
-- Table structure for table `prayer_requests`
--

CREATE TABLE `prayer_requests` (
  `id` int(11) NOT NULL,
  `member` int(11) NOT NULL,
  `message` text NOT NULL,
  `sender` varchar(64) NOT NULL,
  `sentTime` timestamp NOT NULL DEFAULT CURRENT_TIMESTAMP ON UPDATE CURRENT_TIMESTAMP,
  `readTime` timestamp NULL DEFAULT NULL
) ENGINE=InnoDB DEFAULT CHARSET=latin1;

--
-- Dumping data for table `prayer_requests`
--

INSERT INTO `prayer_requests` (`id`, `member`, `message`, `sender`, `sentTime`, `readTime`) VALUES
(1, 1522, 'Hi brother, Just a prayer', 'member', '2018-02-10 17:00:59', '2018-01-16 20:00:00'),
(2, 2, 'Hi brother, Just a prayerHi brother, Just a prayerHi brother, Just a prayerHi brother, Just a prayerHi brother, Just a prayerHi brother, Just a prayerHi brother, Just a prayerHi brother, Just a prayerHi brother, Just a prayerHi brother, Just a prayerHi brother, Just a prayerHi brother, Just a prayerHi brother, Just a prayerHi brother, Just a prayerHi brother, Just a prayerHi brother, Just a prayerHi brother, Just a prayerHi brother, Just a prayerHi brother, Just a prayerHi brother, Just a prayer', 'member', '2018-01-17 16:00:32', '2018-01-16 20:00:00'),
(3, 1, 'Hi brother, Just a prayer', 'member', '2018-01-17 16:00:32', '2018-01-16 20:00:00'),
(4, 2, 'Prayer for me I hahhsd Prayer for me I hahhsdvv v Prayer for me I hahhsd Prayer for me I hahhsd Prayer for me I hahhsd Prayer for me I hahhsdv Prayer for me I hahhsd Prayer for me I hahhsd v v vv v v Prayer for me I hahhsd Prayer for me I hahhsd Prayer for me I hahhsd Prayer for me I hahhsd Prayer for me I hahhsd', 'admin', '2018-01-17 16:40:32', '2018-01-16 20:00:00'),
(5, 2, 'dsasasa', 'admin', '2018-01-17 21:05:55', NULL),
(6, 2, 'I really appreciate This', 'admin', '2018-01-17 21:06:16', NULL),
(7, 2, 'Hi', 'admin', '2018-01-18 22:16:25', NULL),
(8, 2, 'Hello', 'admin', '2018-01-18 22:21:31', NULL),
(9, 2, 'sdsdsdsds', 'admin', '2018-01-19 07:57:49', NULL),
(10, 2, 'sdsdsdsds', 'admin', '2018-01-19 07:58:02', NULL),
(11, 2, 'fgfgfgfgf', 'admin', '2018-01-19 07:59:28', NULL),
(12, 2, 'hey', 'admin', '2018-01-19 09:27:30', NULL),
(13, 2, 'Hi there', 'admin', '2018-01-24 04:51:32', NULL),
(14, 2, 'what\'s up', 'admin', '2018-01-24 04:53:51', NULL),
(15, 2, 'Testing a  message', 'admin', '2018-01-24 10:40:39', NULL),
(16, 2, 'messaeg reply', 'admin', '2018-01-24 10:41:25', NULL),
(17, 2, 'klklklk', 'admin', '2018-02-10 15:23:37', NULL),
(18, 2, 'ssss', 'admin', '2018-02-10 15:32:49', NULL),
(19, 0, 'sdhsdsdsds', 'admin', '2018-02-10 15:37:17', NULL),
(20, 0, 'Hello mn', 'admin', '2018-02-10 15:37:23', NULL),
(21, 0, 'Here you go!!!', 'admin', '2018-02-10 15:37:33', NULL),
(22, 0, 'dfdfdfd', 'admin', '2018-02-10 15:37:44', NULL),
(23, 0, 'where?', 'admin', '2018-02-10 15:39:36', NULL),
(24, 0, 'sdsdsds', 'admin', '2018-02-10 15:40:53', NULL),
(25, 0, 'sdsds', 'admin', '2018-02-10 15:41:51', NULL),
(26, 0, 'There too', 'admin', '2018-02-10 15:42:24', NULL),
(27, 0, 'sdsds', 'admin', '2018-02-10 15:42:52', NULL),
(28, 0, 'jijhuknjkjhujhuuhi', 'admin', '2018-02-10 15:43:02', NULL),
(29, 0, 'JSJDJSDJSHDJSHDSDSDSDSD', 'admin', '2018-02-10 16:35:23', NULL),
(30, 2, 'rtrtrtrtrtrtrtrt', 'admin', '2018-02-10 16:57:26', NULL),
(31, 2, 'OK there, we go', 'admin', '2018-02-10 17:01:21', NULL),
(32, 2, 'ok there we go.', 'admin', '2018-02-10 17:06:14', NULL),
(33, 2, 'Thanks', 'admin', '2018-02-10 19:31:24', NULL),
(34, 2, 'Thank for reaching out', 'admin', '2018-02-13 20:41:05', NULL);

-- --------------------------------------------------------

--
-- Table structure for table `service`
--

CREATE TABLE `service` (
  `id` int(11) NOT NULL,
  `name` varchar(128) DEFAULT NULL,
  `church` int(11) DEFAULT NULL,
  `description` text,
  `createdDate` timestamp NULL DEFAULT NULL
) ENGINE=InnoDB DEFAULT CHARSET=latin1;

--
-- Dumping data for table `service`
--

INSERT INTO `service` (`id`, `name`, `church`, `description`, `createdDate`) VALUES
(1, 'Construction', 1, 'Describing title that we understand what It means', NULL),
(2, 'Tithe', 1, 'Describing title that we understand what It means', NULL);

-- --------------------------------------------------------

--
-- Table structure for table `service_days`
--

CREATE TABLE `service_days` (
  `id` int(11) NOT NULL,
  `service` int(11) NOT NULL,
  `day` enum('monday','tuesday','wednesday','thursday','friday','saturday','sunday') NOT NULL,
  `time_started` timestamp NOT NULL DEFAULT CURRENT_TIMESTAMP ON UPDATE CURRENT_TIMESTAMP COMMENT 'when the service started ',
  `time_end` timestamp NOT NULL DEFAULT '0000-00-00 00:00:00' COMMENT 'when the service finished '
) ENGINE=InnoDB DEFAULT CHARSET=latin1;

--
-- Dumping data for table `service_days`
--

INSERT INTO `service_days` (`id`, `service`, `day`, `time_started`, `time_end`) VALUES
(1, 3, 'monday', '2018-02-14 10:34:31', '0000-00-00 00:00:00');

-- --------------------------------------------------------

--
-- Table structure for table `smsbalance`
--

CREATE TABLE `smsbalance` (
  `id` int(11) NOT NULL,
  `church` int(11) NOT NULL,
  `balance` int(11) NOT NULL
) ENGINE=InnoDB DEFAULT CHARSET=latin1;

--
-- Dumping data for table `smsbalance`
--

INSERT INTO `smsbalance` (`id`, `church`, `balance`) VALUES
(1, 1, 11257);

-- --------------------------------------------------------

--
-- Table structure for table `transactions`
--

CREATE TABLE `transactions` (
  `id` int(11) NOT NULL,
  `church` int(11) NOT NULL COMMENT 'churxh who bought',
  `phone` varchar(16) NOT NULL,
  `date` timestamp NOT NULL DEFAULT CURRENT_TIMESTAMP ON UPDATE CURRENT_TIMESTAMP,
  `cost` int(11) NOT NULL,
  `nsms` int(11) NOT NULL COMMENT 'Number of products bought',
  `mode` varchar(128) NOT NULL COMMENT 'payment mode',
  `status` varchar(32) NOT NULL COMMENT 'indication of progresss'
) ENGINE=InnoDB DEFAULT CHARSET=latin1;

--
-- Dumping data for table `transactions`
--

INSERT INTO `transactions` (`id`, `church`, `phone`, `date`, `cost`, `nsms`, `mode`, `status`) VALUES
(23, 1, '0726396284', '2018-02-14 08:37:20', 156, 12, 'mobile', 'pending');

-- --------------------------------------------------------

--
-- Table structure for table `users`
--

CREATE TABLE `users` (
  `Id` int(11) NOT NULL,
  `fname` varchar(128) NOT NULL,
  `lname` varchar(256) NOT NULL,
  `loginName` varchar(50) NOT NULL,
  `loginpsw` varchar(50) NOT NULL,
  `useremail` varchar(50) NOT NULL,
  `type` varchar(128) NOT NULL,
  `profileImage` varchar(1024) NOT NULL DEFAULT 'gallery/users/pastor.png',
  `church` int(11) NOT NULL
) ENGINE=InnoDB DEFAULT CHARSET=latin1;

--
-- Dumping data for table `users`
--

INSERT INTO `users` (`Id`, `fname`, `lname`, `loginName`, `loginpsw`, `useremail`, `type`, `profileImage`, `church`) VALUES
(1, 'HAKUZWEYEZU', 'Placide', 'admin', 'admin123', 'admin@me.com', 'admin', 'gallery/users/pastor.png', 1),
(2, 'Muhirwa', 'Clement', 'clement', '123', 'clement@gmail.com', 'church', 'gallery/users/pastor.png', 1);

--
-- Indexes for dumped tables
--

--
-- Indexes for table `attendance`
--
ALTER TABLE `attendance`
  ADD PRIMARY KEY (`id`);

--
-- Indexes for table `branches`
--
ALTER TABLE `branches`
  ADD PRIMARY KEY (`id`),
  ADD KEY `church` (`church`);

--
-- Indexes for table `branch_leaders`
--
ALTER TABLE `branch_leaders`
  ADD PRIMARY KEY (`id`),
  ADD KEY `bleader-user` (`user`),
  ADD KEY `bleader-branch` (`branch`);

--
-- Indexes for table `church`
--
ALTER TABLE `church`
  ADD PRIMARY KEY (`id`);

--
-- Indexes for table `church_service`
--
ALTER TABLE `church_service`
  ADD PRIMARY KEY (`id`);

--
-- Indexes for table `donations`
--
ALTER TABLE `donations`
  ADD PRIMARY KEY (`id`),
  ADD KEY `donations-member` (`member`),
  ADD KEY `donations-service` (`service`);

--
-- Indexes for table `event`
--
ALTER TABLE `event`
  ADD PRIMARY KEY (`eventId`);

--
-- Indexes for table `groups`
--
ALTER TABLE `groups`
  ADD PRIMARY KEY (`id`);

--
-- Indexes for table `group_members`
--
ALTER TABLE `group_members`
  ADD PRIMARY KEY (`id`);

--
-- Indexes for table `group_types`
--
ALTER TABLE `group_types`
  ADD PRIMARY KEY (`name`);

--
-- Indexes for table `members`
--
ALTER TABLE `members`
  ADD PRIMARY KEY (`id`);

--
-- Indexes for table `member_types`
--
ALTER TABLE `member_types`
  ADD PRIMARY KEY (`name`);

--
-- Indexes for table `message`
--
ALTER TABLE `message`
  ADD PRIMARY KEY (`id`),
  ADD KEY `sender` (`sender`);

--
-- Indexes for table `messageslog`
--
ALTER TABLE `messageslog`
  ADD PRIMARY KEY (`id`),
  ADD KEY `message` (`message`),
  ADD KEY `receiver` (`receiver`);

--
-- Indexes for table `mthreads`
--
ALTER TABLE `mthreads`
  ADD PRIMARY KEY (`id`),
  ADD KEY `message` (`message`),
  ADD KEY `receiver` (`receiver`);

--
-- Indexes for table `prayer_requests`
--
ALTER TABLE `prayer_requests`
  ADD PRIMARY KEY (`id`);

--
-- Indexes for table `service`
--
ALTER TABLE `service`
  ADD PRIMARY KEY (`id`),
  ADD KEY `service-church` (`church`);

--
-- Indexes for table `service_days`
--
ALTER TABLE `service_days`
  ADD PRIMARY KEY (`id`),
  ADD KEY `day-service` (`service`);

--
-- Indexes for table `smsbalance`
--
ALTER TABLE `smsbalance`
  ADD PRIMARY KEY (`id`);

--
-- Indexes for table `transactions`
--
ALTER TABLE `transactions`
  ADD PRIMARY KEY (`id`);

--
-- Indexes for table `users`
--
ALTER TABLE `users`
  ADD PRIMARY KEY (`Id`),
  ADD KEY `church` (`church`);

--
-- AUTO_INCREMENT for dumped tables
--

--
-- AUTO_INCREMENT for table `attendance`
--
ALTER TABLE `attendance`
  MODIFY `id` int(11) NOT NULL AUTO_INCREMENT;

--
-- AUTO_INCREMENT for table `branches`
--
ALTER TABLE `branches`
  MODIFY `id` int(11) NOT NULL AUTO_INCREMENT, AUTO_INCREMENT=16;

--
-- AUTO_INCREMENT for table `branch_leaders`
--
ALTER TABLE `branch_leaders`
  MODIFY `id` int(11) NOT NULL AUTO_INCREMENT, AUTO_INCREMENT=2;

--
-- AUTO_INCREMENT for table `church`
--
ALTER TABLE `church`
  MODIFY `id` int(11) NOT NULL AUTO_INCREMENT, AUTO_INCREMENT=2;

--
-- AUTO_INCREMENT for table `church_service`
--
ALTER TABLE `church_service`
  MODIFY `id` int(11) NOT NULL AUTO_INCREMENT, AUTO_INCREMENT=4;

--
-- AUTO_INCREMENT for table `donations`
--
ALTER TABLE `donations`
  MODIFY `id` int(11) NOT NULL AUTO_INCREMENT, AUTO_INCREMENT=4;

--
-- AUTO_INCREMENT for table `event`
--
ALTER TABLE `event`
  MODIFY `eventId` bigint(255) NOT NULL AUTO_INCREMENT, AUTO_INCREMENT=4;

--
-- AUTO_INCREMENT for table `groups`
--
ALTER TABLE `groups`
  MODIFY `id` int(11) NOT NULL AUTO_INCREMENT, AUTO_INCREMENT=20;

--
-- AUTO_INCREMENT for table `group_members`
--
ALTER TABLE `group_members`
  MODIFY `id` int(11) NOT NULL AUTO_INCREMENT, AUTO_INCREMENT=487;

--
-- AUTO_INCREMENT for table `members`
--
ALTER TABLE `members`
  MODIFY `id` int(11) NOT NULL AUTO_INCREMENT, AUTO_INCREMENT=1526;

--
-- AUTO_INCREMENT for table `message`
--
ALTER TABLE `message`
  MODIFY `id` int(11) NOT NULL AUTO_INCREMENT, AUTO_INCREMENT=134;

--
-- AUTO_INCREMENT for table `messageslog`
--
ALTER TABLE `messageslog`
  MODIFY `id` int(11) NOT NULL AUTO_INCREMENT, AUTO_INCREMENT=92;

--
-- AUTO_INCREMENT for table `mthreads`
--
ALTER TABLE `mthreads`
  MODIFY `id` int(11) NOT NULL AUTO_INCREMENT, AUTO_INCREMENT=3421;

--
-- AUTO_INCREMENT for table `prayer_requests`
--
ALTER TABLE `prayer_requests`
  MODIFY `id` int(11) NOT NULL AUTO_INCREMENT, AUTO_INCREMENT=35;

--
-- AUTO_INCREMENT for table `service`
--
ALTER TABLE `service`
  MODIFY `id` int(11) NOT NULL AUTO_INCREMENT, AUTO_INCREMENT=3;

--
-- AUTO_INCREMENT for table `service_days`
--
ALTER TABLE `service_days`
  MODIFY `id` int(11) NOT NULL AUTO_INCREMENT, AUTO_INCREMENT=2;

--
-- AUTO_INCREMENT for table `smsbalance`
--
ALTER TABLE `smsbalance`
  MODIFY `id` int(11) NOT NULL AUTO_INCREMENT, AUTO_INCREMENT=2;

--
-- AUTO_INCREMENT for table `transactions`
--
ALTER TABLE `transactions`
  MODIFY `id` int(11) NOT NULL AUTO_INCREMENT, AUTO_INCREMENT=24;

--
-- AUTO_INCREMENT for table `users`
--
ALTER TABLE `users`
  MODIFY `Id` int(11) NOT NULL AUTO_INCREMENT, AUTO_INCREMENT=3;

--
-- Constraints for dumped tables
--

--
-- Constraints for table `branches`
--
ALTER TABLE `branches`
  ADD CONSTRAINT `branch-church` FOREIGN KEY (`church`) REFERENCES `church` (`id`) ON UPDATE CASCADE;

--
-- Constraints for table `branch_leaders`
--
ALTER TABLE `branch_leaders`
  ADD CONSTRAINT `bleader-branch` FOREIGN KEY (`branch`) REFERENCES `branches` (`id`) ON UPDATE CASCADE,
  ADD CONSTRAINT `bleader-user` FOREIGN KEY (`user`) REFERENCES `users` (`Id`) ON UPDATE CASCADE;

--
-- Constraints for table `donations`
--
ALTER TABLE `donations`
  ADD CONSTRAINT `donations-member` FOREIGN KEY (`member`) REFERENCES `members` (`id`) ON UPDATE CASCADE,
  ADD CONSTRAINT `donations-service` FOREIGN KEY (`service`) REFERENCES `service` (`id`) ON UPDATE CASCADE;

--
-- Constraints for table `service`
--
ALTER TABLE `service`
  ADD CONSTRAINT `service-church` FOREIGN KEY (`church`) REFERENCES `church` (`id`) ON UPDATE CASCADE;

--
-- Constraints for table `service_days`
--
ALTER TABLE `service_days`
  ADD CONSTRAINT `day-service` FOREIGN KEY (`service`) REFERENCES `church_service` (`id`) ON UPDATE CASCADE;
COMMIT;

/*!40101 SET CHARACTER_SET_CLIENT=@OLD_CHARACTER_SET_CLIENT */;
/*!40101 SET CHARACTER_SET_RESULTS=@OLD_CHARACTER_SET_RESULTS */;
/*!40101 SET COLLATION_CONNECTION=@OLD_COLLATION_CONNECTION */;
